timestamp,pos_x,pos_y,pos_z,orient_x,orient_y,orient_z,orient_w,linear_vel_x,linear_vel_y,angular_vel_z
0.265,-1.0842021724855044e-18,0.0,0.08206600000000001,1.9941343209999587e-20,5.148318559128907e-18,7.334480761858662e-21,1.0,-9.778390206146493e-17,1.423902652667196e-19,1.4986113795218384e-18
0.285,1.8668235148576505e-06,-2.0389015507799903e-06,0.07499999975404095,6.350105534849102e-06,6.814427119045304e-11,3.2279207597911725e-06,0.9999999999746285,0.0005799562816852059,0.0008970334602406683,0.0009944212037392023
0.305,1.39615169836467e-06,-1.202278189226815e-07,0.07500015777513987,-2.1336266252565152e-07,-3.8676942402005344e-07,4.365288542416982e-06,0.9999999999903746,-7.711689112672518e-05,-1.2029916975055167e-05,1.4946800822717166e-05
0.325,1.5503921652847402e-06,-1.4975977375840822e-07,0.0750001618870154,-2.1957034822305868e-07,-3.948796986052468e-07,4.443748217490296e-06,0.9999999999900246,-0.0001513824317876031,-6.825516143259072e-06,1.0254178590505703e-05
0.345,1.744566043241822e-06,-1.6096044891091227e-07,0.0750001549377937,-2.1790630467129871e-07,-3.7742006065965984e-07,4.51580608138286e-06,0.9999999999897089,-0.00015430102681561293,-6.8621144947746194e-06,1.0279061358657524e-05
0.365,1.940860849028751e-06,-1.7213978081598866e-07,0.07500014820375568,-2.1625598648222478e-07,-3.6058212792396197e-07,4.587774376311946e-06,0.9999999999893879,-0.0001543953580988324,-6.865279083410219e-06,1.0268232759089242e-05
0.385,2.137562914520264e-06,-1.833440427484001e-07,0.07500014183946165,-2.1469547947210283e-07,-3.446718872312503e-07,4.659625674662227e-06,0.9999999999890616,-0.00015437790329235807,-6.86656691824226e-06,1.0256851940071925e-05
0.405,2.3345835421277e-06,-1.9457246588504458e-07,0.07500013582806993,-2.1322147936398972e-07,-3.296440032668082e-07,4.731365925948715e-06,0.99999999998873,-0.00015435713847107834,-6.8677136603072725e-06,1.024606315135561e-05
0.425,2.5319023812568012e-06,-2.0582372960050973e-07,0.07500013015011846,-2.1182924072169262e-07,-3.154496926211894e-07,4.803001281624884e-06,0.9999999999883934,-0.00015433735351266459,-6.868793817498203e-06,1.0235871627979658e-05
0.445,2.7295027826518097e-06,-2.17096566228214e-07,0.07500012478711623,-2.105142301913774e-07,-3.0204272444575485e-07,4.8745375602793036e-06,0.9999999999880517,-0.00015431865905995217,-6.8698137779120226e-06,1.0226245707964583e-05
0.465,2.9273691242482107e-06,-2.283897776371533e-07,0.0750001197215938,-2.092721639769681e-07,-2.8937942671452226e-07,4.9459802578985084e-06,0.999999999987705,-0.0001543010012828862,-6.8707769869410905e-06,1.0217154072200028e-05
0.486,3.125486654664356e-06,-2.3970223207692674e-07,0.07500011493705064,-2.080989957367865e-07,-2.774185496845229e-07,5.017334565688169e-06,0.999999999987353,-0.00015428432295678792,-6.871686604029601e-06,1.0208567077436994e-05
0.505,3.323841440917006e-06,-2.5103286066096436e-07,0.07500011041790138,-2.0699090367445713e-07,-2.661211313205615e-07,5.088605387034148e-06,0.9999999999869963,-0.0001542685697269367,-6.872545595102833e-06,1.020045677285796e-05
0.525,3.522420322788671e-06,-2.6238065377006585e-07,0.07500010614942512,-2.0594427806251697e-07,-2.5545037094591356e-07,5.1597973532820986e-06,0.9999999999866344,-0.00015425369032150436,-6.873356767718169e-06,1.0192796704311207e-05
0.545,3.7212108700990926e-06,-2.737446577648285e-07,0.07500010211771745,-2.049557091294058e-07,-2.453715088835091e-07,5.230914838924809e-06,0.9999999999862678,-0.00015423963625701108,-6.8741227871843675e-06,1.0185561883779799e-05
0.565,3.9202013420962375e-06,-2.8512397195476014e-07,0.07500009830964524,-2.040219765717077e-07,-2.358517135352599e-07,5.301961975935826e-06,0.9999999999858961,-0.0001542263617571157,-6.874846141467573e-06,1.0178728758095795e-05
0.585,4.1193806492777424e-06,-2.9651774567521563e-07,0.07500009471280375,-2.0314003855706282e-07,-2.268599743469708e-07,5.372942667079806e-06,0.9999999999855195,-0.00015421382356470577,-6.875529216860269e-06,1.0172275042208625e-05
0.605,4.318738317210112e-06,-3.079251753892163e-07,0.07500009131547636,-2.0230702196696777e-07,-2.1836700087895798e-07,5.4438605986375355e-06,0.9999999999851379,-0.0001542019808690256,-6.876174229893996e-06,1.0166179676075996e-05
0.626,4.518264452574652e-06,-3.1934550212857e-07,0.07500008810659632,-2.0152021308443293e-07,-2.103451272480604e-07,5.514719252563182e-06,0.9999999999847515,-0.0001541907950490616,-6.87678330645135e-06,1.0160422793105045e-05
0.645,4.717949710652896e-06,-3.307780090936103e-07,0.0750000850757106,-2.0077704885611424e-07,-2.0276822219957117e-07,5.5855219175428955e-06,0.9999999999843603,-0.00015418022971818782,-6.877358427335947e-06,1.0154985644238319e-05
0.665,4.917785265157811e-06,-3.4222201915573656e-07,0.0750000822129463,-2.0007510805183086e-07,-1.9561160397736957e-07,5.656271700022361e-06,0.9999999999839642,-0.0001541702504200637,-6.877901491917216e-06,1.0149850463841353e-05
0.685,5.117762779382204e-06,-3.5367689281439775e-07,0.07500007950897766,-1.9941210422235816e-07,-1.8885195956886183e-07,5.7269715340560616e-06,0.9999999999835634,-0.00015416082466701664,-6.878414266202683e-06,1.0145000518593984e-05
0.705,1.9579876472392965e-06,-8.975792461630538e-07,0.07499999868165079,-1.9505877476398213e-07,1.2904346915107423e-09,5.770847463086411e-06,0.9999999999833297,0.00010745349609387128,0.00037439146076113775,-0.0005195215444474593
0.726,1.8253886420533305e-06,-8.302450285201557e-07,0.07499999885333992,-1.8802028218268145e-07,2.6177211993985986e-09,5.450274581945669e-06,0.9999999999851297,-4.758284723978531e-06,-9.0437255326833e-07,2.30079864589561e-06
0.745,1.7363172897035288e-06,-8.347279333244164e-07,0.07499999890737227,-1.8861990741428653e-07,2.4683373751916914e-09,5.4641045812562015e-06,0.9999999999850542,-4.359144159879261e-06,-1.1862501307031109e-07,1.2118164876228525e-06
0.765,1.6500163316681814e-06,-8.369979931798941e-07,0.07499999895832296,-1.8835000782624339e-07,2.3283183805234493e-09,5.475786708563765e-06,0.9999999999849901,-4.2771553874319906e-06,-1.0980788126456447e-07,1.130079921135909e-06
0.786,1.5652664283444771e-06,-8.391167810763828e-07,0.0749999990063038,-1.880899262279149e-07,2.196467212128292e-09,5.486687935656043e-06,0.9999999999849305,-4.202197347226548e-06,-1.0260366943157954e-07,1.0543497140958567e-06
0.805,1.4819690639478016e-06,-8.410959454063652e-07,0.07499999905148749,-1.8784494560256353e-07,2.0723026618516883e-09,5.4968552696390365e-06,0.9999999999848747,-4.131626335838308e-06,-9.582102242366524e-08,9.83035039121908e-07
0.825,1.4000394981127139e-06,-8.42943629782687e-07,0.07499999909403715,-1.8761424706140488e-07,1.9553764795589365e-09,5.506331494598886e-06,0.9999999999848226,-4.065169518855828e-06,-8.943378785596173e-08,9.1587778420703e-07
0.846,1.319397991952605e-06,-8.44667498989737e-07,0.07499999913410632,-1.8739699853516025e-07,1.8452667967294732e-09,5.51515689996688e-06,0.9999999999847741,-4.0025869369225185e-06,-8.341890325140531e-08,8.526355734720702e-07
0.865,1.2399694555293014e-06,-8.46274770928163e-07,0.0749999991718395,-1.8719241584221595e-07,1.7415761787303948e-09,5.523369426433302e-06,0.9999999999847287,-3.943652722319195e-06,-7.775466997767507e-08,7.930801722930234e-07
0.886,1.1616831763519271e-06,-8.477722428606419e-07,0.07499999920737303,-1.8699976058853334e-07,1.6439303981932633e-09,5.5310048029405525e-06,0.9999999999846865,-3.8881541987690275e-06,-7.242063664581556e-08,7.36996696574123e-07
0.905,1.084472564222825e-06,-8.491663157133493e-07,0.07499999924083502,-1.8681833726928483e-07,1.5519771206787758e-09,5.538096675491095e-06,0.9999999999846474,-3.835891073525398e-06,-6.739756930037456e-08,6.84182685360468e-07
0.925,1.0082749109094e-06,-8.504630171548839e-07,0.07499999927234631,-1.866474910047394e-07,1.465384430877524e-09,5.544676728742432e-06,0.999999999984611,-3.786674738710109e-06,-6.266731738630551e-08,6.344475729576465e-07
0.946,3.240302846321645e-06,-7.649145493719375e-07,0.07499999847409745,-1.5967617812362013e-07,4.17745388365583e-09,5.5567456722843474e-06,0.9999999999845486,0.0005900923964768344,-6.71280065455872e-05,0.0009136272077962626
0.966,1.120297792485945e-05,-1.5535430916058701e-06,0.07499999981516597,-8.840342272621952e-08,9.789625206936645e-11,1.0660206729678218e-05,0.9999999999431762,1.4773914490046068e-05,2.8455295951061744e-05,-3.546683670823726e-05
0.982,3.404546320930795e-05,-1.2373696054703768e-06,0.07499999964806094,2.2885476857389188e-08,-1.187723282211476e-11,1.1551121705017763e-05,0.9999999999332855,0.0013510370486346985,-8.076315138325238e-05,0.000805829362668502
1.005,4.326397387908803e-05,-6.887175826246592e-07,0.07499946067461884,-1.0599245680421408e-07,-1.347702703995683e-06,1.0989733555138585e-05,0.9999999999386991,0.0033168631357481564,-7.687716080786035e-06,-0.00026006111463605566
1.025,6.413245610623053e-05,-3.614889848792182e-07,0.0749999997335005,-1.0153669197929208e-07,7.600155641358615e-12,1.1213769824283744e-05,0.9999999999371206,1.850077191988809e-05,9.945761100425943e-06,-7.300139588642069e-05
1.045,8.878378190049828e-05,3.2854282850584664e-09,0.07499999702752035,-5.624019124962762e-08,-6.644673360011437e-10,1.1886682176201772e-05,0.9999999999293518,0.0005303357995709268,3.403994615324871e-05,-0.00011119323161218207
1.065,0.00010118695402721635,6.850215816777945e-07,0.07499504026424425,-1.1762070437096879e-07,-1.2398801526512595e-05,1.1011749043217241e-05,0.9999999998624988,0.0037662966479644726,4.966399577243597e-05,-0.00024311377453182454
1.085,0.00011711079209235462,1.0233816925386396e-06,0.0749999997423359,-1.5618072538999726e-08,5.0685858958026745e-11,1.1391807608918168e-05,0.9999999999351133,2.0342551447544938e-07,4.7920892327502764e-05,-4.4204594440099804e-05
1.105,0.00014272495515542307,1.3478008508635022e-06,0.07499999977493815,-7.905175385957191e-08,7.208206745826267e-11,1.1910410046856015e-05,0.9999999999290681,0.00046210194956477184,4.385656770208925e-05,-0.0002737038922269928
1.125,0.00015901627372516504,2.051867556888726e-06,0.07499941915038777,-1.4616404516297784e-07,-1.4515093152570015e-06,1.122981840765053e-05,0.9999999999358815,0.0037817371920661324,4.4555732736198264e-05,-2.0753280444957736e-05
1.145,0.0001700738661266117,2.354066210979338e-06,0.07499999968869583,4.9938128187288303e-08,3.406887123982928e-11,1.1531082157711834e-05,0.9999999999335158,-1.3672158712511323e-05,6.5231510928322206e-06,-0.00013336785925475617
1.165,0.00019627910651141486,2.6244499939553e-06,0.0749999996899647,-1.0848311748252396e-07,1.525903257842357e-11,1.2101395413359209e-05,0.9999999999267724,0.00024099245769068205,5.475914406135249e-06,-0.0002428136406101865
1.185,0.0002150592334883288,3.3819199032561627e-06,0.07499999975627197,-1.3587288755666076e-07,7.777333604825059e-11,1.1577254858454859e-05,0.9999999999329744,0.0016586621356498446,2.3591683608858396e-05,0.00015157106134151794
1.205,0.0002230330149414865,3.6844037661021506e-06,0.07499999772893766,-2.9254250495797427e-08,5.695421373939856e-09,1.1744949093139698e-05,0.9999999999310276,-1.0584860020497655e-05,5.300003928655635e-05,-1.1917260799149102e-05
1.225,0.000249441461000721,4.024016291350472e-06,0.07499999974233819,-2.507099120709339e-08,5.0793974650896585e-11,1.21909726050634e-05,0.9999999999256898,8.917507360159217e-05,5.5403953921193946e-05,-0.00013084896579204343
1.245,0.0002710849573883795,4.579023812040066e-06,0.07499999976329394,-1.2459843370234585e-07,6.387413932552399e-11,1.2185728191110327e-05,0.9999999999257463,0.0014964929927712752,-3.1738472100463947e-05,0.00027376726284945716
1.2650000000000001,0.0002783557237208648,5.062610953074928e-06,0.07499999881637968,-8.237989921893196e-08,5.635400572570664e-09,1.2123149741249667e-05,0.9999999999265112,0.0005798865216026654,-2.3012346410252613e-06,-0.00022306436213810545
1.285,0.0003025232129439809,5.373509894456821e-06,0.07499999965397917,4.39700856534194e-08,-2.7136351213933934e-10,1.22470719151531e-05,0.9999999999250038,2.9017910228014967e-05,1.3729603991321357e-05,-0.00013711823074949727
1.305,0.00032666273236825266,5.7142087865620205e-06,0.07499999967301463,-1.375192356714101e-07,3.606115341189189e-12,1.2938983107652065e-05,0.9999999999162821,0.0012440925100495135,-6.341496698895057e-05,0.00028019363411952645
1.325,0.0003358299559159944,6.380263141137464e-06,0.07499999961465742,-1.03665256002943e-07,5.691348124809479e-09,1.2130029312447595e-05,0.9999999999264259,0.0011776737371663093,4.8472676675511515e-05,-0.00016757197288410063
1.345,0.0003555198889270612,6.720467658759093e-06,0.07499999771987352,-3.513425708388575e-08,5.482389422927371e-09,1.2410667533294789e-05,0.9999999999229872,-1.6797688421870982e-06,6.03247392235289e-05,-4.289915755705216e-05
1.365,0.00038067215699221077,7.048977050360652e-06,0.07499999974233858,-1.9281437457908674e-08,5.1881081488578885e-11,1.3044057188111398e-05,0.9999999999149263,0.0004992427946232396,2.4000154180998295e-05,-0.00012175475757591868
1.385,0.00039364383721237196,7.752292081513248e-06,0.07500000006754745,-1.232873213092049e-07,1.8638089584981467e-08,1.2237011502833088e-05,0.9999999999251201,0.001067679717299092,4.554979241236051e-05,1.3919088882062751e-05
1.405,0.0004084968382596601,8.092615646360839e-06,0.07499999982403369,-6.445553092743392e-08,-1.2693875171663634e-10,1.2594620242671098e-05,0.9999999999206857,-3.0969656059406587e-06,4.752649107526888e-05,-3.1000595023332704e-05
1.425,0.000434447421787806,8.364075402985955e-06,0.07499999964653797,4.0375263422785746e-08,-1.268779863379693e-11,1.321970904554126e-05,0.9999999999126188,0.00033332457266908703,-5.492514243507683e-06,0.00018183654135789812
1.445,0.00045180987303878066,9.103430527565635e-06,0.0749999989852814,-1.238703058660764e-07,6.907801461256479e-10,1.249838332429769e-05,0.9999999999218877,0.0014044939541655143,2.9727863602035958e-05,0.00010034780417050215
1.465,0.0004614529017621296,9.37654247502314e-06,0.07499999974675693,-9.613804671774311e-08,1.0411853631054816e-10,1.2747856611475753e-05,0.9999999999187414,-1.010890833057473e-05,6.807777717043379e-07,-3.3223562739885783e-06
1.4849999999999999,0.00048776159114661925,9.713782419260681e-06,0.0749999975749792,-4.3523985197071074e-08,4.349174116244049e-09,1.3253392390008986e-05,0.9999999999121728,9.333750392965657e-05,6.749217956898111e-05,-0.00013298705616928555
1.505,0.00050799776528095,1.0355938702699696e-05,0.07499999965624111,-5.794942167872358e-08,-7.563960300658422e-12,1.304585831898615e-05,0.9999999999149012,0.0015493881624191435,-4.790485791871256e-05,0.0005001626586985502
1.525,0.0005170660320834225,1.0750516957103282e-05,0.07499447628572331,5.118351829702812e-09,-1.3808770269639303e-05,1.2934922523093222e-05,0.999999999821003,0.0026438734936470114,4.416782972332041e-05,-5.715653010719987e-05
1.545,0.0005409034991417217,1.1105016772833796e-05,0.07499999982028366,-7.021672387038644e-08,1.021863342153268e-10,1.33127241846619e-05,0.9999999999113833,7.288115095975134e-05,5.909327362505607e-05,-0.00019375107255928067
1.565,0.0005638279463365543,1.1522868786942048e-05,0.07499999964849793,2.378882062352815e-08,-1.1517841704148575e-11,1.3796016535341177e-05,0.9999999999048347,0.001353844284416977,-7.81576776650066e-05,0.0007832761692711414
1.585,0.0005730615793674608,1.2077040372899834e-05,0.07499946066777574,-1.0587096998184809e-07,-1.347720046474731e-06,1.3210964042766457e-05,0.9999999999118215,0.003316709697715226,-7.6240557344972805e-06,-0.0002617245582667577
1.605,0.0005939308741955774,1.2405446356427352e-05,0.07499999973350226,-1.01530258340845e-07,7.288948410713156e-12,1.3429305056475528e-05,0.9999999999098217,1.8512601927447042e-05,9.93866432945359e-06,-7.29888518028194e-05
1.625,0.0006185822217912961,1.2770304883201694e-05,0.07499999702754169,-5.623987011681696e-08,-6.646998780466794e-10,1.410215819105983e-05,0.999999999900563,0.0005303386275014102,3.4036229572195886e-05,-0.00011118471764552024
1.645,0.0006309853982018024,1.3452083831930173e-05,0.07499504026429533,-1.175945580721351e-07,-1.2398801659528057e-05,1.3227269819049357e-05,0.9999999998356477,0.0037662967514341685,4.966319722605934e-05,-0.00024310879545494474
1.665,0.0006469092402793706,1.3790467060142964e-05,0.07499999974233588,-1.5617955566593944e-08,5.065126949518251e-11,1.3607409853934207e-05,0.9999999999074192,2.0317506309524232e-07,4.792094931870469e-05,-4.420419786606899e-05
1.685,0.0006725234117439062,1.4114964302639008e-05,0.07499999977493663,-7.905240892538373e-08,7.19053175752794e-11,1.4126101086317363e-05,0.9999999999002236,0.0004621022718554196,4.385250542893329e-05,-0.00027369391723026454
1.705,0.000688814722911938,1.4819099725753055e-05,0.07499941915035233,-1.4616096829095814e-07,-1.4515097277109023e-06,1.3445552667516512e-05,0.9999999999085445,0.0037817381616638544,4.455619596885059e-05,-2.074999724826704e-05
1.725,0.0006998723160032147,1.5121298402331971e-05,0.07499999968869586,4.9938113189793217e-08,3.4180935298522415e-11,1.3746897503814564e-05,0.9999999999055101,-1.3672272132843079e-05,6.523244171913227e-06,-0.00013336775902684635
1.745,0.0007260775640782191,1.5391756996125956e-05,0.0749999996899629,-1.0848355955753369e-07,1.5018362592172753e-11,1.431731072543881e-05,0.9999999998975015,0.0002409913420524722,5.473215501563025e-06,-0.00024280421040058506
1.7650000000000001,0.0007448576875728273,1.614930764668235e-05,0.07499999975627199,-1.3587552589235711e-07,7.747219442511928e-11,1.379320797483103e-05,0.9999999999048647,0.0016586635901056608,2.358929468278863e-05,0.00015157752265290944
1.7850000000000001,0.0007528314666963728,1.645178270273987e-05,0.0749999977289381,-2.9254263675300226e-08,5.69535597163554e-09,1.3960977405364101e-05,0.9999999999025451,-1.0584886410988964e-05,5.3000097089455766e-05,-1.1917288604905607e-05
1.8050000000000002,0.0007792399190663485,1.6791468415310116e-05,0.07499999974233819,-2.5070389152142656e-08,5.073841957084511e-11,1.4407105540246003e-05,0.9999999998962175,8.917451023456347e-05,5.540280010395149e-05,-0.00013084436332144628
1.825,0.000800883413573843,1.7346562395614785e-05,0.07499999976330037,-1.2459920992713622e-07,6.36018921169208e-11,1.4401911272549253e-05,0.9999999998962847,0.0014964934808385647,-3.174411269017749e-05,0.00027378688985523674
1.845,0.0008081541766529138,1.7830151585457494e-05,0.07499999881638185,-8.237918601976682e-08,5.63520459976693e-09,1.4339404667558383e-05,0.9999999998971875,0.0005798866879093696,-2.2999385301704395e-06,-0.00022306347857483884
1.865,0.000832321670588281,1.814110858759134e-05,0.07499999965398,4.397021342720901e-08,-2.712620301052613e-10,1.4463418255881554e-05,0.9999999998954039,2.9017018851584665e-05,1.3729470331571712e-05,-0.00013711886264224405
1.885,0.0008564611949819238,1.8481892406604222e-05,0.07499999967301958,-1.3751940395706775e-07,3.3058155453939526e-12,1.5155402111249674e-05,0.9999999998851474,0.0012440953399914564,-6.342176337339596e-05,0.00028022153059308264
1.905,0.0008656284111972034,1.914797056534951e-05,0.07499999961464202,-1.0366607404029317e-07,5.6912079938775834e-09,1.4346501598277441e-05,0.9999999998970837,0.00117767393878772,4.847158198240197e-05,-0.00016756402899433627
1.925,0.0008853183475242234,1.948821311393423e-05,0.07499999771987145,-3.513424121113327e-08,5.482321315839555e-09,1.4627227549095092e-05,0.9999999998930215,-1.680040798274604e-06,6.03247975042289e-05,-4.289875377275167e-05
1.9449999999999998,0.0009104706233207618,1.981680267336796e-05,0.07499999974233859,-1.9281268746956883e-08,5.1838376500506844e-11,1.5260701412652955e-05,0.9999999998835554,0.0004992436540405221,2.399562612904787e-05,-0.00012174283182791315
1.9649999999999999,0.000923442295456492,2.0520167193767945e-05,0.07500000006754916,-1.232881480727649e-07,1.863778300868055e-08,1.4453702343297741e-05,0.9999999998955376,0.0010676807653449743,4.555026280369015e-05,1.3922709904966863e-05
1.9849999999999999,0.0009382952980836442,2.0860507968652425e-05,0.07499999982403371,-6.445551208930656e-08,-1.2708154751881542e-10,1.4811393813072621e-05,0.9999999998903093,-3.0971956322260646e-06,4.752659464280808e-05,-3.099988868367908e-05
2.005,0.0009642458902307473,2.113204421724113e-05,0.07499999964653836,4.037616243872046e-08,-1.259943423025177e-11,1.5436577991488397e-05,0.9999999998808553,0.00033332442011962656,-5.495502813333452e-06,0.00018184994353639792
2.025,0.000981608335467541,2.1871473506143767e-05,0.07499999898528321,-1.2387171979963814e-07,6.905064555070381e-10,1.4715291611215964e-05,0.9999999998917224,0.001404495396859246,2.972555475036268e-05,0.00010035332361788082
2.045,0.0009912513634632034,2.214458159044419e-05,0.07499999974675697,-9.613803259521649e-08,1.0390547948835377e-10,1.4964843376857991e-05,0.9999999998880222,-1.0108991970208729e-05,6.808651090099525e-07,-3.3221718952896424e-06
2.065,0.001017560059642232,2.24818955096072e-05,0.07499999757496875,-4.3523966757403066e-08,4.349112531224853e-09,1.5470481538163825e-05,0.9999999998803313,9.333690217586234e-05,6.749094982046132e-05,-0.00013298222222297363
2.085,0.001037796230404699,2.3124136520635905e-05,0.07499999965623244,-5.795116911877068e-08,-7.699585723936573e-12,1.5262990154539246e-05,0.9999999998835191,0.0015493872199038494,-4.7908579320862e-05,0.0005001771339753633
2.105,0.0010468644953831462,2.3518714588747808e-05,0.07499447628572162,5.148949156412951e-09,-1.380877026265443e-05,1.5152122344778236e-05,0.9999999997898656,0.0026438734706439276,4.416788592476636e-05,-5.7156561662065076e-05
2.125,0.0010707019672463415,2.3873275704785547e-05,0.07499999982028302,-7.021673152529324e-08,1.0202892116807267e-10,1.553002952195316e-05,0.9999999998794068,7.287976223075413e-05,5.909282160798355e-05,-0.00019374950616903025
2.145,0.0010936264152851707,2.429121394224024e-05,0.07499999964849571,2.378621141977182e-08,-1.1468023886007389e-11,1.6013380329998914e-05,0.9999999998717857,0.0013538450813504244,-7.816407039524986e-05,0.0007832942156056625
2.165,0.0011028600441065053,2.4845403926427635e-05,0.0749994606677771,-1.0586757699341665e-07,-1.3477202777988607e-06,1.542839112195725e-05,0.9999999998800687,0.003316709850362876,-7.622799249818262e-06,-0.00026172370057634347
2.185,0.0011237293427240162,2.5173852020397944e-05,0.0749999997335021,-1.0153030773730806e-07,7.06644137485146e-12,1.5646823717407003e-05,0.9999999998775834,1.8511979520679654e-05,9.938584867644692e-06,-7.298785565363281e-05
2.205,0.001148380696692165,2.5538793100094955e-05,0.07499999702756548,-5.62400269583869e-08,-6.649090610999005e-10,1.6319755365734986e-05,0.9999999998668312,0.0005303395949160898,3.4031481296543256e-05,-0.00011117217942935148
2.225,0.0011607838649002745,2.6220614027383656e-05,0.07499504026434387,-1.1756851545167758e-07,-1.2398801798989325e-05,1.544491780250325e-05,0.9999999998038553,0.003766296935496374,4.966226865572285e-05,-0.00024310128060687724
2.245,0.0011767077098190088,2.655901957842883e-05,0.0749999997423359,-1.561784737017536e-08,5.061663108940559e-11,1.5825142082526376e-05,0.9999999998747824,2.029225929729998e-07,4.792101109156203e-05,-4.420381867514002e-05
2.265,0.001202321889523338,2.6883594931958847e-05,0.07499999977493509,-7.905306556168701e-08,7.172842479822389e-11,1.6343922412901502e-05,0.9999999998664351,0.0004621025925455542,4.384843895309529e-05,-0.000273683927573301
2.285,0.0012186131932031999,2.7587799105271732e-05,0.07499941915031712,-1.4615788500811316e-07,-1.4515101399644997e-06,1.5663417323121378e-05,0.9999999998762645,0.0037817391195346622,4.455665470275814e-05,-2.0746692476618152e-05
2.305,0.0012296707869496855,2.788999778785236e-05,0.07499999968869588,4.993809426780733e-08,3.4293105389081876e-11,1.5964843350185102e-05,0.9999999998725607,-1.3672385113457521e-05,6.5233362349957396e-06,-0.0001333676588087365
2.325,0.0012558760425702806,2.8160531233305665e-05,0.07499999968996113,-1.0848400173554867e-07,1.477747517496558e-11,1.6535356704541278e-05,0.9999999998632852,0.00024099022974491337,5.4705146145243086e-06,-0.00024279476577349914
2.3449999999999998,0.0012746561624762786,2.891816266430185e-05,0.07499999975627199,-1.3587816840492926e-07,7.7170767783122e-11,1.6011291869279264e-05,0.9999999998718102,0.0016586650361107413,2.3586900973164843e-05,0.0001515839885582474
2.365,0.0012826299392587023,2.9220628895032996e-05,0.07499999772893859,-2.9254278782673664e-08,5.695290379150387e-09,1.6179136573995184e-05,0.9999999998691174,-1.0584912599718357e-05,5.300015451655264e-05,-1.1917316716824502e-05
2.385,0.001309038397796441,2.956038783385323e-05,0.07499999974233823,-2.506978960062279e-08,5.0682803715619644e-11,1.6625369501883972e-05,0.9999999998617982,8.917394860789687e-05,5.540164480015878e-05,-0.00013083975807921732
2.4050000000000002,0.0013306818902942864,3.0115568317556798e-05,0.07499999976330675,-1.2459998592384723e-07,6.332940866039551e-11,1.6620225509157243e-05,0.9999999998618764,0.0014964939587888669,-3.1749759248105817e-05,0.0002738065390973204
2.425,0.0013379526501219648,3.05991595471521e-05,0.07499999881638401,-8.237847256562199e-08,5.63500825479047e-09,1.655779081132236e-05,0.9999999998629165,0.0005798868388892723,-2.2986452266688734e-06,-0.0002230625790972736
2.445,0.0013621201486444371,3.0910174632897865e-05,0.07499999965398083,4.397033735344975e-08,-2.71160451358824e-10,1.6681895993624874e-05,0.9999999998608562,2.901613060124903e-05,1.3729334638326784e-05,-0.00013711948332509105
2.465,0.0013862596778609845,3.1251043424176245e-05,0.07499999967302452,-1.375195712981674e-07,3.0052162657692063e-12,1.7373952654867537e-05,0.9999999998490635,0.0012440981669259862,-6.342856603010983e-05,0.0002802494612452247
2.485,0.0013954268867143978,3.1917145391003286e-05,0.07499999961462654,-1.0366689263760629e-07,5.6910675415127765e-09,1.6565105494399195e-05,0.9999999998627933,0.001177674114085937,4.847048220583739e-05,-0.0001675560345175664
2.505,0.0014151168262710226,3.225742598033586e-05,0.07499999771986948,-3.513422709218405e-08,5.482252986243264e-09,1.6845919325237432e-05,0.999999999858107,-1.6803118948747707e-06,6.0324854973766007e-05,-4.289834977498359e-05
2.525,0.0014402691096501528,3.2586095749207475e-05,0.0749999997423386,-1.9281102353416045e-08,5.1795584993548737e-11,1.747947754860058e-05,0.9999999998472339,0.0004992445134722709,2.3991093432416556e-05,-0.00012173089779395386
2.545,0.0014532407736344544,3.3289509778721825e-05,0.07500000006755093,-1.2328897495431062e-07,1.8637476421273335e-08,1.6672525194130633e-05,0.9999999998610057,0.0010676818004814828,4.5550728818507894e-05,1.3926353435683527e-05
2.565,0.0014680937777968419,3.3629867760275555e-05,0.07499999982403376,-6.44554940949586e-08,-1.2722453266040744e-10,1.703029950776864e-05,0.9999999998549824,-3.0974250362102403e-06,4.752669721382999e-05,-3.099918561468186e-05
2.585,0.0014940443784176283,3.390148054176683e-05,0.07499999964653878,4.037705884980956e-08,-1.251098193696725e-11,1.7655579220525868e-05,0.9999999998441396,0.00033332426950437386,-5.498494294794288e-06,0.00018186335345835204
2.605,0.0015114068175427742,3.4640984030811e-05,0.074999998985285,-1.238731343179539e-07,6.902323181971332e-10,1.693433229875809e-05,0.9999999998566065,0.0014044968252511247,2.9723240615245945e-05,0.00010035888002333795
2.625,0.0015210498447889918,3.491408823577311e-05,0.07499999974675706,-9.613801858504114e-08,1.0369220819409986e-10,1.7183962625028925e-05,0.9999999998523512,-1.0109075307336367e-05,6.80952618163281e-07,-3.321988726329684e-06
2.645,0.001547358547618692,3.5251476168609186e-05,0.07499999757495829,-4.352394969187881e-08,4.349050703695851e-09,1.7689703341917906e-05,0.9999999998435364,9.333630215242285e-05,6.748971853365055e-05,-0.0001329773851606478
2.665,0.0015675947148913703,3.58938019496349e-05,0.07499999965622381,-5.795291901107418e-08,-7.835354148340823e-12,1.7482254764373636e-05,0.9999999998471837,0.0015493862665196681,-4.791230530050349e-05,0.0005001916255904073
2.685,0.0015766629780439901,3.6288379821847194e-05,0.07499447628571972,5.179572401624105e-09,-1.3808770255797127e-05,1.7371455011417755e-05,0.9999999997537752,0.0026438734478898703,4.4167941829867364e-05,-5.715659348575718e-05
2.705,0.001600500454569094,3.664300226365806e-05,0.07499999982028241,-7.021673975223692e-08,1.0187133257698316e-10,1.774946788229765e-05,0.9999999998424758,7.287837663772447e-05,5.909236750165829e-05,-0.00019374793012923324
2.725,0.001623424903308694,3.7061026768646344e-05,0.07499999964849347,2.3783596858832057e-08,-1.1418165154869767e-11,1.8232877280661494e-05,0.999999999833781,0.0013538458707323853,-7.817046982444994e-05,0.0007833122746234854
2.745,0.0016326585279127928,3.761523515374718e-05,0.07499946066777832,-1.0586417864266061e-07,-1.3477205097000228e-06,1.7647951421370174e-05,0.9999999998433613,0.003316709987924423,-7.6215455946994356e-06,-0.0002617228312307736
2.765,0.0016535278302059347,3.794372536824542e-05,0.07499999973350197,-1.0153035692214856e-07,6.843695253948215e-12,1.7866475776893995e-05,0.9999999998403893,1.851135869562443e-05,9.93850481460374e-06,-7.298685787305159e-05
2.785,0.0016781791903989418,3.830874904435256e-05,0.0749999970275894,-5.6240184723369325e-08,-6.65118501488286e-10,1.8539486084854513e-05,0.9999999998281422,0.0005303405624500852,3.4026728120383176e-05,-0.00011115963245156109
2.805,0.0016905823503509086,3.899061196758986e-05,0.07499504026439188,-1.1754244979876272e-07,-1.2398801939873843e-05,1.7664699422078646e-05,0.9999999997671072,0.0037662970951570242,4.966133497372839e-05,-0.0002430937157584118
2.825,0.0017065061980469868,3.9329039839609045e-05,0.07499999974233588,-1.561774260123023e-08,5.058196632939711e-11,1.8045008072865063e-05,0.9999999998371887,2.0267085338666037e-07,4.792107220582504e-05,-4.420343949623144e-05
2.8449999999999998,0.0017321203858435279,3.965369334527714e-05,0.07499999977493355,-7.905372338012159e-08,7.155135022317713e-11,1.8563877656132633e-05,0.9999999998276883,0.000462102913895541,4.384436873419426e-05,-0.00027367392598929056
2.865,0.001748411681953913,4.0357966302747e-05,0.0749994191502821,-1.4615479537141275e-07,-1.4515105518644886e-06,1.7883415997402014e-05,0.9999999998390278,0.003781740065397779,4.4557109092795006e-05,-2.0743366888364993e-05
2.885,0.0017594692763181594,4.06601649746961e-05,0.07499999968869592,4.993807129901133e-08,3.4405366130115376e-11,1.8184923319067e-05,0.999999999834653,-1.3672497667995692e-05,6.523427064910152e-06,-0.00013336755861370484
2.9050000000000002,0.001785674539335989,4.093077331164828e-05,0.07499999968995935,-1.0848444420731093e-07,1.453632943428539e-11,1.8755536979381414e-05,0.9999999998241091,0.00024098911975502845,5.467811654252169e-06,-0.00024278530700326423
2.925,0.0018044546555436853,4.168848556212378e-05,0.07499999975627199,-1.3588081491780095e-07,7.686903100660328e-11,1.8231510174518417e-05,0.9999999998337968,0.0016586664734855486,2.3584502322075018e-05,0.0001515904608651562
2.945,0.0018124284299726762,4.199094294727798e-05,0.07499999772893912,-2.9254295756130486e-08,5.695224580647636e-09,1.8399430237023086e-05,0.9999999998307302,-1.0584938577595526e-05,5.300021160365983e-05,-1.1917345103541236e-05
2.965,0.0018388368945398278,4.233077515036136e-05,0.07499999974233823,-2.5069192392077518e-08,5.0627144946304556e-11,1.884576813426008e-05,0.9999999998224183,8.917338861182983e-05,5.5400488062731904e-05,-0.00013083515006026932
2.985,0.0018604803848949521,4.288604218092933e-05,0.07499999976331315,-1.2460076148249673e-07,6.305669731267378e-11,1.884067454835279e-05,0.9999999998225068,0.0014964944268872553,-3.1755411865420895e-05,0.00027382621246603464
3.005,0.0018677511414732324,4.336963544087724e-05,0.0749999988163862,-8.237775886773725e-08,5.634811547427906e-09,1.87783118214975e-05,0.9999999998236843,0.0005798869744228499,-2.2973547660839175e-06,-0.0002230616637943521
3.025,0.0018919186444472645,4.368070863224483e-05,0.07499999965398163,4.397045740174619e-08,-2.7105878044620065e-10,1.8902508780155572e-05,0.9999999998213468,2.901524548284658e-05,1.3729196803679563e-05,-0.00013712009233632981
3.045,0.0019160581783397516,4.4021662440965246e-05,0.07499999967302942,-1.375197376287193e-07,2.7043316336976145e-12,1.9594638393159417e-05,0.9999999998080157,0.0012441009906771128,-6.343537497725456e-05,0.0002802774265865674
3.065,0.001925225379801092,4.4687788219583964e-05,0.07499999961461112,-1.0366771190851022e-07,5.6909267882446e-09,1.878584465775951e-05,0.9999999998235407,0.0011776742635534476,4.8469377285845746e-05,-0.00016754798720698395
3.085,0.0019449153224973211,4.5028106859154246e-05,0.0749999977198675,-3.5134214650021836e-08,5.482184475321537e-09,1.9066746520969363e-05,0.9999999998182291,-1.6805821752942977e-06,6.0324911686952515e-05,-4.289794564260266e-05
3.105,0.0019700676133091346,4.5356856879516755e-05,0.0749999997423386,-1.928093830124476e-08,5.175280637323232e-11,1.9700389253838734e-05,0.9999999998059471,0.0004992453729080034,2.3986556174833755e-05,-0.00012171895567291746
3.125,0.0019830392690722847,4.606032043828854e-05,0.07500000006755277,-1.2328980194726996e-07,1.863716979530749e-08,1.889348371411071e-05,0.9999999998215103,0.0010676828224579315,4.555119036978285e-05,1.393001953267207e-05
3.145,0.001997892274715462,4.64006956232279e-05,0.07499999982403384,-6.445547694285063e-08,-1.2736760359141727e-10,1.9251340986142113e-05,0.9999999998146909,-3.097653846750728e-06,4.7526798768906973e-05,-3.0998485731439625e-05
3.165,0.002023842883660647,4.667238497731678e-05,0.07499999964653918,4.0377952684666615e-08,-1.2422442827547244e-11,1.987671639955345e-05,0.9999999998024572,0.0003333241206902328,-5.501488748034592e-06,0.0001818767714442005
3.185,0.00204120531657875,4.741196270269905e-05,0.0749999989852868,-1.23874549342503e-07,6.899577179483591e-10,1.9155509052988658e-05,0.9999999998165257,0.0014044982397009651,2.972092120933471e-05,0.00010036447226052744
3.205,0.002050848343056162,4.768506301191898e-05,0.0749999997467571,-9.613800467429401e-08,1.0347868715443731e-10,1.9405218023102703e-05,0.9999999998117143,-1.010915833896361e-05,6.810403128656081e-07,-3.3218067454545898e-06
3.225,0.002077157052394389,4.802252499755107e-05,0.0749999975749479,-4.352393406429148e-08,4.348988645469395e-09,1.991106146763424e-05,0.999999999801774,9.333570399694779e-05,6.748848565557836e-05,-0.00013297254505132593
3.245,0.002097393216054297,4.8664935590752244e-05,0.07499999965621515,-5.7954671201518584e-08,-7.971200611842755e-12,1.970365581765571e-05,0.9999999998058814,0.0015493853015690342,-4.7916035897013464e-05,0.0005002061341312735
3.265,0.0021064614773772463,4.905951325648154e-05,0.07499447628571784,5.21022155337813e-09,-1.3808770248982596e-05,1.9592924194364377e-05,0.9999999997127177,0.0026438734253615543,4.416799738101525e-05,-5.715662559398035e-05
3.285,0.0021302989584278797,4.941419705019589e-05,0.07499999982028177,-7.021674880435383e-08,1.017136127980778e-10,1.9971042936374686e-05,0.9999999998005763,7.287699417628318e-05,5.9091911372490646e-05,-0.0001937463449946617
3.305,0.002153223407729165,4.9832307867643684e-05,0.07499999964849129,2.3780976935499234e-08,-1.1368309103655096e-11,2.0454511055849536e-05,0.9999999997908063,0.001353846653377002,-7.817687590278629e-05,0.0007833303457859092
3.325,0.002162457028111766,5.038653465716525e-05,0.07499946066777942,-1.0586077497340802e-07,-1.3477207421900226e-06,1.9869648605814835e-05,0.9999999998016847,0.003316710110480931,-7.620294830028844e-06,-0.00026172194993615873
3.3449999999999998,0.0021833263339672464,5.07150670035505e-05,0.07499999973350178,-1.0153040614559786e-07,6.620714809635013e-12,2.008826489441102e-05,0.9999999997982256,1.8510739357069076e-05,9.938424204847e-06,-7.29858585651776e-05
3.365,0.0022079777002345213,5.1080173319898044e-05,0.07499999702761334,-5.6240343401815734e-08,-6.653282733276088e-10,2.076135400892259e-05,0.9999999997844815,0.0005303415298642059,3.402197006129118e-05,-0.00011114707648560481
3.385,0.0022203808518758356,5.176207825619548e-05,0.07499504026443934,-1.1751636109930985e-07,-1.2398802082345224e-05,1.9886618339895856e-05,0.9999999997253892,0.0037662972302527587,4.966039614706734e-05,-0.0002430861010797341
3.403,0.002236304702287145,5.2100528447311645e-05,0.07499999974233588,-1.5617641215365505e-08,5.0547272826362025e-11,2.0267011488326716e-05,0.9999999997946242,2.0241982931638155e-07,4.792113262366966e-05,-4.4203060200231136e-05
3.425,0.0022619188980274015,5.242526014587602e-05,0.07499999977493203,-7.905438225585771e-08,7.137406627741397e-11,2.0785970482609953e-05,0.9999999997839686,0.00046210323579570415,4.384029476222757e-05,-0.00027366391170425766
3.445,0.00227821018648957,5.312960192123693e-05,0.07499941915024735,-1.461516991188691e-07,-1.4515109635905188e-06,2.0105552358209696e-05,0.9999999997968194,0.003781740999431187,4.455755921990241e-05,-2.0740020850095814e-05
3.465,0.0022892677814318205,5.343180056740929e-05,0.07499999968869593,4.9938044292823725e-08,3.451772979177124e-11,2.0407141074775105e-05,0.9999999997917731,-1.3672609785661985e-05,6.523516872701157e-06,-0.0001333674583740538
3.485,0.0023154730517017394,5.370248383641216e-05,0.0749999996899576,-1.0848488680445324e-07,1.4294952374547503e-11,2.097785521030194e-05,0.999999999779959,0.00024098801302272404,5.465106620431584e-06,-0.0002427758337396414
3.505,0.0023342531641040326,5.446027694580813e-05,0.074999999756272,-1.3588346559687423e-07,7.656702324119588e-11,2.0453866547583925e-05,0.9999999997908104,0.0016586679025385165,2.358209885672031e-05,0.000151596938223714
3.525,0.0023422269361662545,5.476272546689102e-05,0.07499999772893973,-2.9254314596183352e-08,5.695158567914503e-09,2.0621862046715188e-05,0.9999999997873691,-1.0584964342972872e-05,5.300026829016406e-05,-1.1917373810227675e-05
3.545,0.0023686354066213156,5.5102630973046884e-05,0.07499999974233822,-2.506859786263408e-08,5.05714643736682e-11,2.1068305085490375e-05,0.999999999778063,8.91728303593189e-05,5.5399329863644865e-05,-0.00013083053922948682
3.565,0.0023902788947042387,5.565798459453863e-05,0.07499999976331961,-1.2460153673782952e-07,6.278362202079023e-11,2.1063262035452145e-05,0.9999999997781618,0.00149649488541228,-3.176107043840859e-05,0.00027384590823704085
3.585,0.002397549648036496,5.61415798761445e-05,0.07499999881638844,-8.237704491955624e-08,5.634614428381915e-09,2.1000971341737084e-05,0.9999999997794762,0.0005798870946245634,-2.2960671237492017e-06,-0.00022306073251394557
3.605,0.002421717155330068,5.645271119590666e-05,0.07499999965398244,4.397057372236526e-08,-2.709570116903176e-10,2.112526025709588e-05,0.9999999997768607,2.9014363456307657e-05,1.3729056975400558e-05,-0.0001371206902048872
3.625,0.002445856693752134,5.679375006811241e-05,0.07499999967303438,-1.3751990294736637e-07,2.4031361032741816e-12,2.181746296408678e-05,0.9999999997619898,0.0012441038116065574,-6.344219018567208e-05,0.0002803054259821885
3.645,0.0024550238877934743,5.745989966218822e-05,0.07499999961459561,-1.0366853175940307e-07,5.690785774620516e-09,2.1008722725077568e-05,0.9999999997793115,0.001177674386708024,4.84682672993505e-05,-0.0001675398892397135
3.665,0.002474713833543992,5.780025636249313e-05,0.07499999771986561,-3.513420400699102e-08,5.482115710935434e-09,2.128971276882989e-05,0.9999999997733735,-1.68085162604874e-06,6.032496764528065e-05,-4.289754152061346e-05
3.685,0.0024998661316392476,5.812908667663763e-05,0.07499999974233862,-1.9280776637978202e-08,5.1709931323172674e-11,2.1923440162173626e-05,0.9999999997596812,0.0004992462323499415,2.3982014307061437e-05,-0.00012170700535697354
3.705,0.002512837779116409,5.883259978472789e-05,0.07500000006755464,-1.2329062900897772e-07,1.8636863173902067e-08,2.111658153518899e-05,0.9999999997770372,0.0010676838315789635,4.555164759209795e-05,1.3933707682018248e-05
3.725,0.0025276907861955518,5.917299217082962e-05,0.07499999982403381,-6.445546069867368e-08,-1.275108566973665e-10,2.1474521875338098e-05,0.9999999997694206,-3.0978820291970427e-06,4.7526899369187534e-05,-3.099778912395657e-05
3.745,0.0025536414033175726,5.94447581383265e-05,0.07499999964653957,4.0378843803176685e-08,-1.2333791531416873e-11,2.2099993149669037e-05,0.9999999997557945,0.00033332397410134625,-5.504486180150787e-06,0.0001818901970834407
3.765,0.0025710038299335144,6.018441013588686e-05,0.0749999989852886,-1.2387596496194596e-07,6.896826298355006e-10,2.1378825496608577e-05,0.9999999997714653,0.0014044996397933418,2.9718596534658085e-05,0.00010037010115423386
3.785,0.002580646855618173,6.0457506532622196e-05,0.0749999997467571,-9.613799092387235e-08,1.0326502267619056e-10,2.1628613194019802e-05,0.999999999766097,-1.0109241082757084e-05,6.811281558956947e-07,-3.321625848188814e-06
3.805,0.0026069555713188796,6.079504261028584e-05,0.07499999757493758,-4.3523919841076026e-08,4.348926361185836e-09,2.2134559538730957e-05,0.9999999997550297,9.33351074850593e-05,6.748725120402079e-05,-0.00013296770181952207
3.825,0.002627191731247417,6.143753805866074e-05,0.07499999965620649,-5.7956425975654165e-08,-8.107216849656118e-12,2.1927196933309024e-05,0.9999999997595974,0.0015493843257017676,-4.791977100713178e-05,0.0005002206586346765
3.8449999999999998,0.002636259990739849,6.183211550808731e-05,0.07499447628571586,5.24089680187701e-09,-1.3808770242250954e-05,2.1816533510801898e-05,0.9999999996666785,0.0026438734030537273,4.416805262497907e-05,-5.7156657945503e-05
3.865,0.00266009747617231,6.21868606791892e-05,0.07499999982028115,-7.021675852232334e-08,1.0155572367509764e-10,2.2194758303892465e-05,0.999999999753694,7.287561463123874e-05,5.909145321785343e-05,-0.00019374475055624184
3.885,0.0026830219258944417,6.260505785416344e-05,0.07499999964848907,2.3778351713169765e-08,-1.1318340535292415e-11,2.2678285276039142e-05,0.9999999997428475,0.001353847428857917,-7.818328866215548e-05,0.0007833484296090456
3.9050000000000002,0.0026922555420496623,6.315930305093918e-05,0.07499946066778036,-1.0585736584936449e-07,-1.3477209752372584e-06,2.209348629886319e-05,0.9999999997550253,0.003316710217902028,-7.6190469347028015e-06,-0.00026172105690433554
3.925,0.002713124851351362,6.348787753956785e-05,0.07499999973350166,-1.0153045511251743e-07,6.397505059265867e-12,2.2312194698671515e-05,0.9999999997510778,1.8510121631825286e-05,9.938342913912927e-06,-7.298485734962247e-05
3.945,0.002737776223545184,6.385306653911509e-05,0.07499999702763742,-5.624050296865838e-08,-6.655383424873244e-10,2.2985362770214812e-05,0.9999999997358351,0.0005303424973611758,3.4017207054033576e-05,-0.00011113451138431416
3.965,0.0027501793668209757,6.45350135061715e-05,0.07499504026448629,-1.1749024929946165e-07,-1.2398802226352815e-05,2.2110678186257424e-05,0.9999999996786869,0.003766297341009288,4.965945225358138e-05,-0.00024307843717963535
3.985,0.00276610321988344,6.487348601476924e-05,0.07499999974233588,-1.5617543224649765e-08,5.0512535183360575e-11,2.249115595733798e-05,0.9999999997470739,2.0216954143137106e-07,4.792119236695411e-05,-4.4202680837322306e-05
4.005,0.002791717423413415,6.519829594709353e-05,0.07499999977493048,-7.905504237770259e-08,7.119663165126682e-11,2.3010204520402914e-05,0.9999999997352622,0.00046210355801311814,4.3836217019325645e-05,-0.0002736538851258471
4.025,0.002808008704146209,6.590270657409942e-05,0.07499941915021274,-1.4614859642106946e-07,-1.451511375077779e-06,2.232983003444198e-05,0.9999999997496254,0.003781741921654702,4.4558004979944784e-05,-2.0736653922712938e-05
4.045,0.0028190662996332326,6.620490517854328e-05,0.07499999968869599,4.993801332713292e-08,3.463016565650341e-11,2.2631500248654563e-05,0.9999999997439065,-1.3672721478694901e-05,6.523605592402266e-06,-0.00013336735824532082
4.065,0.002845271577009977,6.647566342026667e-05,0.07499999968995578,-1.0848532955288879e-07,1.4053390780425474e-11,2.3202315028904573e-05,0.9999999997308204,0.00024098690907345331,5.462399546281151e-06,-0.00024276634604712493
4.085,0.0028640516854981884,6.723353742777468e-05,0.07499999975627199,-1.3588612024229903e-07,7.626469628716574e-11,2.2678364622555804e-05,0.9999999997428368,0.001658669322481302,2.3579690474958184e-05,0.0001516034212544617
4.105,0.002872025455179725,6.753597706527956e-05,0.07499999772894035,-2.925433532901072e-08,5.6950923421393e-09,2.2846435640423862e-05,0.9999999997390198,-1.0584989895546733e-05,5.300032461709776e-05,-1.1917402852491508e-05
4.125,0.0028984339313716505,6.787595591308204e-05,0.07499999974233822,-2.5068005550793826e-08,5.0515679337337783e-11,2.3292983994831847e-05,0.9999999997287182,8.917227356716532e-05,5.5398170211600586e-05,-0.00013082592551218574
4.145,0.002920077417047953,6.843139616965224e-05,0.07499999976332601,-1.2460231166232485e-07,6.251036172237426e-11,2.3287991611385772e-05,0.9999999997288269,0.0014964953336091267,-3.176673510570944e-05,0.00027386562776343215
4.165,0.0029273481671346574,6.891499346319382e-05,0.07499999881639069,-8.237633075911626e-08,5.634416948493116e-09,2.3225773015571057e-05,0.9999999997302783,0.0005798871993313598,-2.2947823392847945e-06,-0.0002230597849069475
4.185,0.0029515156786155397,6.92261829339316e-05,0.0749999996539833,4.397068618631015e-08,-2.708552239519321e-10,2.3350154069803843e-05,0.9999999997273842,2.9013484408138027e-05,1.3728915158967787e-05,-0.00013712127723008446
4.205,0.002975655221418863,6.956730691588727e-05,0.07499999967303934,-1.3752006726230025e-07,2.10170074403014e-12,2.4042430012464053e-05,0.9999999997109714,0.0012441066291802628,-6.344901167599319e-05,0.0002803334596354487
4.225,0.0029848224080089663,7.023348032952675e-05,0.07499999961458012,-1.0366935229600865e-07,5.6906445056536905e-09,2.3233743341880406e-05,0.9999999997300912,0.0011776744837095937,4.846715216787862e-05,-0.0001675317387970893
4.245,0.0030045123567216895,7.057387509990572e-05,0.07499999771986375,-3.513419502532884e-08,5.4820466674785065e-09,2.35148217199672e-05,0.999999999723526,-1.6811202461547208e-06,6.0325022804560936e-05,-4.289713724542474e-05
4.265,0.003029664661949486,7.090278574956992e-05,0.07499999974233859,-1.928061733561788e-08,5.166700570349752e-11,2.414863392632965e-05,0.9999999997084216,0.0004992470917740185,2.3977467829529294e-05,-0.00012169504667018464
4.285,0.0030426363010719725,7.160634842721665e-05,0.07500000006755655,-1.2329145614663043e-07,1.8636556575613873e-08,2.3341822311527897e-05,0.9999999997275719,0.0010676848276516028,4.555210041710262e-05,1.3937418276341425e-05
4.305,0.0030574893095382466,7.19467580110473e-05,0.07499999982403388,-6.445544528324643e-08,-1.2765422670329425e-10,2.3699845834902337e-05,0.9999999997191567,-3.098109591210444e-06,4.752699891141781e-05,-3.0997095768311455e-05
4.325,0.0030834399346875807,7.221860063236034e-05,0.07499999964653997,4.03797322992869e-08,-1.2245090005657795e-11,2.4325413134297953e-05,0.9999999997041364,0.0003333238291816565,-5.507486583416905e-06,0.00018190363061426057
4.345,0.0031008023549030928,7.295832693814493e-05,0.07499999898529042,-1.2387738110438363e-07,6.894070996358182e-10,2.360428529355872e-05,0.9999999997214112,0.0014045010255704846,2.971626650433902e-05,0.00010037576729681394
4.365,0.003110445379774284,7.323141940574499e-05,0.07499999974675718,-9.613797732879489e-08,1.0305108264341393e-10,2.3854151804105215e-05,0.9999999997154853,-1.0109323507568401e-05,6.812162148358508e-07,-3.3214462655958065e-06
4.385,0.003136754101693743,7.356902961503894e-05,0.07499999757492727,-4.352390701750193e-08,4.348863828063591e-09,2.4360201220069833e-05,0.9999999997032895,9.33345127968656e-05,6.748601521453537e-05,-0.0001329628554847516
4.405,0.0031569902577707537,7.421160996036143e-05,0.07499999965619779,-5.795818317793178e-08,-8.243395184332192e-12,2.4152881783668298e-05,0.9999999997083175,0.001549383338563455,-4.79235108715598e-05,0.0005002352002614427
4.425,0.003166058515430989,7.460618718273292e-05,0.07499447628571389,5.2715981078930965e-09,-1.380877023567713e-05,2.4042286636913516e-05,0.9999999996156432,0.002643873381011955,4.416810755015665e-05,-5.715669058683145e-05
4.445,0.003189896005104149,7.496099375785731e-05,0.07499999982028054,-7.021676886977074e-08,1.0139767797619772e-10,2.4420617656858182e-05,0.9999999997018144,7.287423832587156e-05,5.909099293400792e-05,-0.00019374314627281379
4.465,0.003212820455103432,7.537927733466477e-05,0.07499999964848685,2.3775721141541258e-08,-1.1268363826790741e-11,2.4904203616401643e-05,0.9999999996898901,0.0013538481968613809,-7.818970817316547e-05,0.0007833665264398751
4.485,0.0032220540670243464,7.593354094135701e-05,0.07499946066778115,-1.0585395153797814e-07,-1.3477212089322782e-06,2.431946817718755e-05,0.9999999997033681,0.003316710310358835,-7.617801884081456e-06,-0.00026172015161822276
4.505,0.003242923379657193,7.626215758285384e-05,0.07499999973350152,-1.0153050409867158e-07,6.174069515616896e-12,2.4538268865415396e-05,0.9999999996989316,1.8509505372113727e-05,9.938261050126178e-06,-7.298385456400649e-05
4.525,0.0032675747576288456,7.662742931038917e-05,0.07499999702766152,-5.624066345123826e-08,-6.657487230050953e-10,2.521151603752522e-05,0.9999999996821882,0.0005303434648818642,3.4012439171352414e-05,-0.00011112193752183565
4.545,0.0032799778924862207,7.730941832576868e-05,0.07499504026453278,-1.1746411439688551e-07,-1.2398802371770041e-05,2.4336882631069237e-05,0.9999999996269862,0.003766297427434969,4.965850324069064e-05,-0.000243070723556868
4.5649999999999995,0.0032959017481396257,7.764791315060583e-05,0.07499999974233591,-1.5617448615581777e-08,5.047775964493308e-11,2.4717445149278415e-05,0.9999999996945239,2.0192001530484284e-07,4.792125139881593e-05,-4.420230141229111e-05
4.585,0.0033215159593133177,7.797280135829119e-05,0.07499999977492892,-7.905570360795739e-08,7.101906593856326e-11,2.5236583437112936e-05,0.9999999996815543,0.000462103880765204,4.3832135555045145e-05,-0.0002736438464500498
4.605,0.0033378072322390083,7.867728087038021e-05,0.07499941915017841,-1.4614548745427815e-07,-1.451511786387893e-06,2.4556252694341018e-05,0.9999999996974311,0.00378174283209545,4.4558446421029784e-05,-2.073326615547385e-05
4.625,0.003348864828233571,7.897947941619133e-05,0.07499999968869601,4.993797838284416e-08,3.474273591630016e-11,2.4858004512376853e-05,0.9999999996910387,-1.3672832739508338e-05,6.5236931973022405e-06,-0.0001333672580438059
4.645,0.003375070112573153,7.925031267151162e-05,0.07499999968995402,-1.084857724277047e-07,1.3811547529456637e-11,2.542892010849173e-05,0.9999999996766791,0.00024098580827490576,5.459690441256879e-06,-0.0002427568435999112
4.665,0.0033938502170409945,8.000826761643071e-05,0.074999999756272,-1.358887790975857e-07,7.596205534463793e-11,2.4905008072568797e-05,0.9999999996898612,0.001658670733894479,2.3577277195294216e-05,0.00015160990984136618
4.6850000000000005,0.0034018239843281854,8.031069835111516e-05,0.07499999772894109,-2.9254357912168626e-08,5.695025933984457e-09,2.5073154690257445e-05,0.999999999685668,-1.0585015242476607e-05,5.300038057337394e-05,-1.1917432222953818e-05
4.705,0.003428232466121759,8.065075057930285e-05,0.07499999974233817,-2.506741582707125e-08,5.04598768496446e-11,2.551980853477484e-05,0.9999999996743694,8.917171853141358e-05,5.539700909675683e-05,-0.0001308213089934086
4.725,0.003449875949262061,8.120627751524772e-05,0.07499999976333242,-1.246030861491027e-07,6.223678713232334e-11,2.5514866947429027e-05,0.9999999996744882,0.0014964957720529255,-3.1772405767296486e-05,0.00027388537076711197
4.745,0.0034571466961075144,8.168987681147572e-05,0.07499999881639292,-8.237561628941422e-08,5.634219099562225e-09,2.5452720512653768e-05,0.9999999996760762,0.0005798872887360521,-2.2935003676727867e-06,-0.0002230588214265914
4.765,0.0034813142116486948,8.200112445585377e-05,0.0749999996539841,4.3970794879701384e-08,-2.707532800236286e-10,2.5577193887868948e-05,0.9999999996729028,2.901260864019951e-05,1.3728771232261969e-05,-0.00013712185243099418
4.785,0.00350545375868774,8.234233359322694e-05,0.07499999967304431,-1.3752023063938395e-07,1.7999280452805433e-12,2.626954321248551e-05,0.9999999996549462,0.0012441094438277902,-6.34558394886814e-05,0.00028036152797686413
4.805,0.0035146209377990723,8.300853083005876e-05,0.07499999961456462,-1.036701734474715e-07,5.690502876823438e-09,2.5460910182714093e-05,0.9999999996758657,0.0011776745547025776,4.846603194997418e-05,-0.00016752353682924058
4.825,0.0035343108893902235,8.334896368093162e-05,0.07499999771986193,-3.513418778217853e-08,5.481977454725068e-09,2.5742077044531137e-05,0.9999999996686721,-1.6813880278599337e-06,6.0325077201439004e-05,-4.289673282033401e-05
4.845,0.003559463201604338,8.36779547082185e-05,0.0749999997423386,-1.928046043511054e-08,5.1624085731027844e-11,2.6375974216806216e-05,0.9999999996521539,0.0004992479512475835,2.3972916699267564e-05,-0.00012168307965955077
4.865,0.0035724348323064098,8.438156697562749e-05,0.07500000006755857,-1.2329228345308167e-07,1.863624988965607e-08,2.5569209714229583e-05,0.9999999996731,0.001067685810840355,4.555254886574258e-05,1.3941151402175821e-05
4.885,0.00358728784210966,8.472199375457977e-05,0.07499999982403394,-6.445543077598875e-08,-1.2779769739484652e-10,2.5927316533746707e-05,0.9999999996638852,-3.0983365540595933e-06,4.752709747064168e-05,-3.099640562493417e-05
4.905,0.0036132384751408845,8.499391307061532e-05,0.0749999996465404,4.0380618106287064e-08,-1.2156247586300632e-11,2.6552980020173055e-05,0.9999999996474688,0.00033332368644343465,-5.510489978560062e-06,0.00018191707176176594
4.925,0.0036306008888612293,8.573371372112452e-05,0.07499999898529223,-1.2387879784628705e-07,6.891310963059779e-10,2.583189210845585e-05,0.999999999666349,0.0014045023973681306,2.971393122911236e-05,0.00010038146941589636
4.945,0.00364024391289856,8.600680224272133e-05,0.07499999974675725,-9.61379638914715e-08,1.0283701131513506e-10,2.6081837516222833e-05,0.9999999996598644,-1.0109405647153343e-05,6.813044219685021e-07,-3.321267767653314e-06
4.965,0.0036665526408916154,8.634448662295192e-05,0.07499999757491704,-4.352389559712098e-08,4.348801143543613e-09,2.658799017743374e-05,0.9999999996465384,9.333391991130113e-05,6.748477763104629e-05,-0.0001329580059832999
4.985,0.003686788792996753,8.698715190879941e-05,0.07499999965618909,-5.795994286350681e-08,-8.379707175479522e-12,2.638071402723265e-05,0.9999999996520275,0.0015493823404362696,-4.79272552724428e-05,0.0005002497583733806
5.005,0.00369585704882402,8.738172889380451e-05,0.07499447628571176,5.3023255757899e-09,-1.3808770229079114e-05,2.6270187228103746e-05,0.9999999995595976,0.002643873359172747,4.416816215260768e-05,-5.7156723466219495e-05
5.025,0.003719694542600771,8.773659689834899e-05,0.07499999982027991,-7.021678004508653e-08,1.0123949817066023e-10,2.664862465744851e-05,0.9999999996449229,7.287286504195441e-05,5.9090530661867826e-05,-0.0001937415331620674
5.045,0.0037426189927369136,8.815496692252063e-05,0.07499999964848462,2.3773085211218896e-08,-1.121834524374767e-11,2.7132269734875915e-05,0.9999999996319198,0.0013538489575991518,-7.819613433734868e-05,0.0007833846355254363
5.065,0.0037518526004161673,8.870924894294153e-05,0.07499946066778178,-1.0585053181679167e-07,-1.347721443166504e-06,2.6547597893753894e-05,0.9999999996466987,0.003316710387664398,-7.616559678615659e-06,-0.0002617192350569499
5.085,0.0037727219162668408,8.903790774825751e-05,0.07499999973350134,-1.015305529011788e-07,5.950379776005319e-12,2.6766491046588968e-05,0.9999999996417723,1.8508890727614808e-05,9.938178561023503e-06,-7.29828501692272e-05
5.105,0.0037973732998682385,8.940326224751212e-05,0.07499999702768573,-5.624082489376569e-08,-6.659594075548559e-10,2.743981746816183e-05,0.9999999996235268,0.0005303444324208254,3.4007666370123064e-05,-0.0001111093546124501
5.125,0.003809776426252643,9.008529332858717e-05,0.07499504026457866,-1.1743795611346916e-07,-1.2398802518789936e-05,2.6565235332495895e-05,0.9999999995702722,0.0037662974892619687,4.965754912065406e-05,-0.0002430629601034572
5.145,0.003825700284432044,9.042381046714046e-05,0.07499999974233586,-1.56173573794015e-08,5.044297661339405e-11,2.6945882727872098e-05,0.9999999996369596,2.0167118902580357e-07,4.7921309765759176e-05,-4.4201921889752e-05
5.165,0.0038513145030995245,9.07487769914391e-05,0.07499999977492738,-7.9056365975249e-08,7.08412720116033e-11,2.746511089739326e-05,0.9999999996228307,0.00046210420407510097,4.3828050300322285e-05,-0.00027363379548244973
5.185,0.0038676057681371885,9.145332542358307e-05,0.07499941915014426,-1.461423720117489e-07,-1.451512197413658e-06,2.6784823997932183e-05,0.9999999996402225,0.003781743730679367,4.4558883641966316e-05,-2.0729857957241e-05
5.205,0.0038786633646054006,9.175552389561635e-05,0.07499999968869606,4.993793935636446e-08,3.48554005055105e-11,2.7086657520092414e-05,0.9999999996331552,-1.367294356424217e-05,6.523779681518127e-06,-0.00013336715793413982
5.225,0.0039048686557647083,9.202643220557335e-05,0.07499999968995219,-1.0848621554085127e-07,1.3569497475406359e-11,2.7657674100033385e-05,0.9999999996175206,0.00024098471045829112,5.456979270429509e-06,-0.00024274732728466906
5.245,0.003923648756103373,9.278446812815858e-05,0.07499999975627201,-1.3589144202590078e-07,7.56591205402505e-11,2.7133800546222868e-05,0.9999999996318693,0.0016586721370086053,2.3574859039321283e-05,0.00015161640402203675
5.265,0.003931622520985182,9.308688994067121e-05,0.07499999772894182,-2.925438241108424e-08,5.694959293726234e-09,2.7302022845032995e-05,0.9999999996272994,-1.0585040378625171e-05,5.300043615788686e-05,-1.1917461919730569e-05
5.285,0.003958031008234355,9.342701558847684e-05,0.07499999974233823,-2.5066828518752736e-08,5.0404038117787986e-11,2.7748782351802417e-05,0.9999999996150022,8.917116516393467e-05,5.539584654672088e-05,-0.0001308166897364759
5.305,0.003979674488706823,9.398262924818925e-05,0.07499999976333883,-1.2460386040189473e-07,6.196297789642723e-11,2.7743891691175415e-05,0.9999999996151304,0.001496496200850875,-3.177808251424314e-05,0.00027390513686040426
5.325,0.003986945232314453,9.446623053803763e-05,0.07499999881639521,-8.23749016114637e-08,5.634020833132183e-09,2.768181748106505e-05,0.9999999996168552,0.0005798873627641828,-2.2922212235234776e-06,-0.00022305784188027283
5.345,0.004011112751780685,9.477753637880085e-05,0.07499999965398495,4.397089983255703e-08,-2.7065126133426267e-10,2.7806383359231696e-05,0.9999999996134017,2.9011735839871827e-05,1.3728625324349176e-05,-0.00013712241679217726
5.365,0.004035252302908358,9.511883071793134e-05,0.07499999967304928,-1.3752039310880882e-07,1.4979001936362984e-12,2.8498806208283035e-05,0.9999999995938997,0.00124411225552988,-6.346267362413782e-05,0.0002803896305698837
5.385,0.0040444194745097,9.578505178241828e-05,0.07499999961454905,-1.0367099519978749e-07,5.69036107029753e-09,2.7690226889614445e-05,0.9999999996166203,0.0011776745990900626,4.846490658676523e-05,-0.00016751528310114168
5.405,0.004064109428887768,9.612552272386232e-05,0.07499999771986018,-3.513418224200701e-08,5.481908059091869e-09,2.7971482386579863e-05,0.9999999996087975,-1.6816550025210813e-06,6.032513086034632e-05,-4.2896328393792286e-05
5.425,0.004089261747937067,9.645459417158839e-05,0.07499999974233859,-1.9280305787157537e-08,5.158109750909939e-11,2.8605464674152192e-05,0.9999999995908635,0.0004992488107532821,2.3968360945367163e-05,-0.00012167110436391694
5.445,0.004102233370149042,9.715825604949597e-05,0.0750000000675606,-1.2329311089273413e-07,1.8635943204287807e-08,2.7798747381885482e-05,0.9999999996136072,0.001067686780914056,4.555299290109928e-05,1.3944907146850299e-05
5.465,0.004117086381236328,9.749870002011187e-05,0.07499999982403394,-6.445541709920015e-08,-1.2794131454522397e-10,2.8156937613276973e-05,0.9999999996035915,-3.0985629285375293e-06,4.752719505922471e-05,-3.099571863593557e-05
5.485,0.004143037022001672,9.777069607136028e-05,0.07499999964654083,4.038150136292027e-08,-1.2067351362397608e-11,2.8782697451443644e-05,0.9999999995857773,0.00033332354564084805,-5.513496354446239e-06,0.00018193052121060773
5.505,0.004160399429130416,9.851057110310405e-05,0.07499999898529405,-1.2388021513507558e-07,6.888546907864713e-10,2.8061649586854465e-05,0.9999999996062644,0.0014045037545953726,2.9711590649493996e-05,0.00010038720854619419
5.525,0.0041700424523099825,9.878365566246065e-05,0.07499999974675729,-9.613795048252982e-08,1.0262267921874213e-10,2.831167397553836e-05,0.9999999995992199,-1.010948748105498e-05,6.813928424643566e-07,-3.3210904916874542e-06
5.545,0.0041963511862330265,9.912141425372114e-05,0.07499999757490686,-4.352388559510034e-08,4.348738154808829e-09,2.8817930051806693e-05,0.9999999995847626,9.333332876617286e-05,6.748353847450415e-05,-0.00013295315340384345
5.5649999999999995,0.004216587334243251,9.976416452268867e-05,0.07499999965618043,-5.796170499899396e-08,-8.516103673427949e-12,2.8610697309048125e-05,0.9999999995907123,0.0015493813308185469,-4.793100433875295e-05,0.0005002643330707904
5.585,0.004225655588233738,0.00010015874126005706,0.07499447628570957,5.333079169917049e-09,-1.3808770222696709e-05,2.8500238931666073e-05,0.9999999994985272,0.0026438733375789996,4.4168216446490615e-05,-5.715675664521449e-05
5.605,0.004249493085972574,0.00010051367072052859,0.07499999982027923,-7.021679195014474e-08,1.0108116568827342e-10,2.8878782947624167e-05,0.9999999995830056,7.287149479561888e-05,5.909006638712329e-05,-0.00019373991088566622
5.625,0.004272417536103413,0.00010093212723743286,0.07499999964848242,2.3770443892028535e-08,-1.1168329981640023e-11,2.936248727474716e-05,0.9999999995689219,0.0013538497114031134,-7.820256724819294e-05,0.0007834027573294892
5.645,0.004281651139537149,0.00010148642767412276,0.07499946066778229,-1.0584710670675342e-07,-1.3477216779382302e-06,2.877787909725928e-05,0.9999999995850032,0.0033167104498961395,-7.615320355960176e-06,-0.0002617183064862683
5.665,0.004302520458488013,0.00010181512865408554,0.07499999973350122,-1.0153060162328677e-07,5.726510563081118e-12,2.899686489204618e-05,0.9999999995795857,1.8508277579292898e-05,9.938095467404602e-06,-7.298184395534595e-05
5.6850000000000005,0.004327171847567627,0.00010218056596925806,0.07499999702771004,-5.6240987197984515e-08,-6.6617035732905e-10,2.9670270710180162e-05,0.9999999995598361,0.00053034539986558,3.400288864892193e-05,-0.00011109676278376548
5.705,0.0043395749654242585,0.00010286263913411527,0.07499504026462411,-1.1741177480193507e-07,-1.2398802667173142e-05,2.87957399361223e-05,0.9999999995085307,0.0037662975268238715,4.965658988323141e-05,-0.0002430551473559974
5.725,0.0043554988260687665,0.00010320117858529849,0.07499999974233588,-1.5617269589616587e-08,5.0408127725826704e-11,2.917647233231015e-05,0.9999999995743666,2.0142312215389502e-07,4.792136741088608e-05,-4.4201542256902364e-05
5.745,0.004381113052079443,0.0001035262234670773,0.07499999977492586,-7.905702940899219e-08,7.066335345427166e-11,2.9695790544154688e-05,0.999999999559077,0.000462104527916096,4.382396125117418e-05,-0.00027362373168378514
5.765,0.00439740430914865,0.00010423084085295521,0.07499941915011034,-1.4613925003080446e-07,-1.4515126081519153e-06,2.901554759343655e-05,0.999999999577985,0.00378174461736063,4.455931647852792e-05,-2.072642874661274e-05
5.785,0.004408461906054084,0.00010453303923469484,0.07499999968869608,4.993789634945679e-08,3.496812616808675e-11,2.931746292455434e-05,0.9999999995702421,-1.367305394571293e-05,6.5238651030785645e-06,-0.00013336705775582127
5.805,0.004434667203885603,0.00010480402263988412,0.07499999968995041,-1.0848665876951554e-07,1.3327187513643717e-11,2.9888580661633945e-05,0.9999999995533305,0.00024098361565728194,5.454265996509986e-06,-0.0002427377959204897
5.825,0.004453447299986344,0.00010556213957928391,0.07499999975627199,-1.358941090738438e-07,7.535583773203877e-11,2.936474570531763e-05,0.9999999995688467,0.0016586735313728822,2.357243599158912e-05,0.0001516229038733278
5.845,0.004461421062450013,0.00010586455245027504,0.07499999772894266,-2.9254408798744885e-08,5.6948924880185125e-09,2.953304376728203e-05,0.9999999995638993,-1.0585065306880434e-05,5.300049139482402e-05,-1.19174919356221e-05
5.865,0.004487829555009978,0.00010620475155631549,0.07499999974233822,-2.506624369280957e-08,5.034807886126589e-11,2.99799091130325e-05,0.9999999995506023,8.917061336834661e-05,5.539468250377378e-05,-0.00013081206751138755
5.885,0.00450947303268173,0.00010676045198364378,0.0749999997633453,-1.2460463432845015e-07,6.16889027180881e-11,2.9975069512658213e-05,0.9999999995507398,0.0014964966194962416,-3.1783765354418185e-05,0.0002739249267987625
5.905,0.0045167437730511675,0.0001072440552579248,0.07499999881639757,-8.237418668020579e-08,5.633822232134291e-09,2.9913067591666486e-05,0.9999999995526009,0.0005798874212616288,-2.2909448868513727e-06,-0.00022305684678652075
5.925,0.004540911296313226,0.00010755541931787768,0.0749999996539858,4.3971000885944023e-08,-2.705491716527204e-10,3.003772615547538e-05,0.9999999995488666,2.9010866252003104e-05,1.3728477336755845e-05,-0.00013712296951563996
5.945,0.004565050851380256,0.00010789679890514512,0.07499999967305424,-1.3752055452571018e-07,1.1955424236517695e-12,3.073022267275435e-05,0.9999999995278173,0.001244115063830659,-6.346951407105978e-05,0.0002804177676285127
5.965,0.00457421801544268,0.00010856304380096166,0.07499999961453348,-1.0367181762406657e-07,5.690218881382833e-09,2.992169713820657e-05,0.9999999995523406,0.0011776746177682763,4.8463776136030946e-05,-0.00016750697797422915
5.985,0.004593907972525077,0.00010890355284328204,0.07499999771985846,-3.513417845625875e-08,5.48183840796341e-09,3.0203041421151447e-05,0.9999999995438875,-1.6819211167076027e-06,6.032518372715611e-05,-4.289592383167914e-05
6.005,0.004619060298262484,0.00010923270475443061,0.07499999974233859,-1.9280153613593973e-08,5.1538111366154076e-11,3.0837108973351925e-05,0.9999999995245363,0.0004992496703469225,2.39638005990431e-05,-0.00012165912091332014
6.025,0.004632031911919044,0.00010993641626268175,0.07500000006756273,-1.2329393839267336e-07,1.8635636548531812e-08,3.0030438992067658e-05,0.9999999995490787,0.0010676877380064141,4.555343259929653e-05,1.3948684968046913e-05
6.045,0.004646884924249548,0.0001102768774227489,0.07499999982403402,-6.445540428451802e-08,-1.2808508362082273e-10,3.0388712746842027e-05,0.999999999538261,-3.0987886488724323e-06,4.7527291604864144e-05,-3.0995035072414554e-05
6.065,0.0046728355725987915,0.00011054895025067673,0.07499999964654125,4.0382381988129376e-08,-1.197839285533151e-11,3.101456909804571e-05,0.9999999995190475,0.000333323406725832,-5.516505729964746e-06,0.00018194397851142646
6.085,0.00469019797303758,0.00011128889970007049,0.07499999898529583,-1.238816329508497e-07,6.885777730678353e-10,3.0293561398102647e-05,0.9999999995411424,0.0014045050977844703,2.9709244784661253e-05,0.00010039298339175668
6.105,0.004699840995339088,0.00011156198028034386,0.07499999974675735,-9.613793724375917e-08,1.0240814033520605e-10,3.054366485179424e-05,0.9999999995335378,-1.0109569013688526e-05,6.81481387371522e-07,-3.320914409244694e-06
6.125,0.0047261497350477135,0.00011189981312233595,0.07499999757489664,-4.352387700598047e-08,4.3486749797445376e-09,3.1050024516618833e-05,0.999999999517947,9.333273939653196e-05,6.748229775911215e-05,-0.00013294829777667604
6.145,0.004746385878844122,0.00011254264841750787,0.07499999965617171,-5.796346958411417e-08,-8.65269829610773e-12,3.084283530156399e-05,0.9999999995243583,0.001549380310152502,-4.793475801386573e-05,0.0005002789245223344
6.165,0.004755454130996578,0.00011293722489714943,0.07499447628570734,5.363858973582103e-09,-1.3808770216369366e-05,3.073244541803508e-05,0.9999999994324174,0.00264387331622068,4.4168270405896426e-05,-5.7156790070636836e-05
6.185,0.004779291632561068,0.00011329221584052766,0.07499999982027858,-7.02168045479513e-08,1.0092268205909626e-10,3.111109619669132e-05,0.9999999995160476,7.287012774118254e-05,5.9089600044897216e-05,-0.00019373827934276083
6.205,0.004802216082546729,0.00011371075889572154,0.07499999964848024,2.376779730328723e-08,-1.1118225053480463e-11,3.1594859905494795e-05,0.9999999995008823,0.0013538504581137648,-7.8209006847378e-05,0.0007834208919020676
6.225,0.0048114496817295,0.0001142650777518996,0.07499946066778265,-1.0584367634759856e-07,-1.347721913299517e-06,3.101031545461562e-05,0.9999999995182665,0.0033167104971375734,-7.6140838921616665e-06,-0.000261717365568055
6.245,0.004832319003667132,0.00011459382091740119,0.07499999973350108,-1.01530650239796e-07,5.5023521489631666e-12,3.1229394068740044e-05,0.9999999995123573,1.8507665989864376e-05,9.938011753735987e-06,-7.298083612222203e-05
6.265,0.0048569703980774325,0.00011495934109288531,0.07499999702773441,-5.624115042670359e-08,-6.663816301939356e-10,3.1902879430347366e-05,0.9999999994911016,0.0005303463673534906,3.399810603692434e-05,-0.00011108416207854306
6.285,0.0048693735073523986,0.00011564145635919028,0.07499504026466894,-1.1738557015223194e-07,-1.2398802817194775e-05,3.102840011054697e-05,0.9999999994417471,0.0037662975398719415,4.9655625541762816e-05,-0.0002430472848897285
6.305,0.0048852973704015005,0.00011598001812130427,0.07499999974233588,-1.5617185213743797e-08,5.0373273829461575e-11,3.1409217635134486e-05,0.9999999995067306,2.011757860465696e-07,4.792142440044465e-05,-4.420116254899952e-05
6.325,0.00491091160360589,0.00011630514140298636,0.07499999977492433,-7.905769405982757e-08,7.048526564770971e-11,3.1928626043278765e-05,0.9999999994902784,0.00046210485209652254,4.381986845302718e-05,-0.00027361365607183534
6.345,0.004927202852626895,0.00011700982777700309,0.07499941915007666,-1.461361215059045e-07,-1.4515130187393153e-06,3.124842714476146e-05,0.9999999995107038,0.003781745492248738,4.455974501476024e-05,-2.0722978862606293e-05
6.365,0.004938260449928874,0.00011731202605345784,0.07499999968869615,4.9937849303765174e-08,3.5080966660531176e-11,3.155042438497659e-05,0.9999999995022842,-1.3673163930284211e-05,6.523949425132564e-06,-0.00013336695769959925
6.385,0.004964465754286992,0.00011758308459572728,0.07499999968994867,-1.0848710211738749e-07,1.3084662747173209e-11,3.2121643446282705e-05,0.9999999994840942,0.00024098252366272713,5.4515507081648385e-06,-0.00024272825035597483
6.405,0.0049832458460440515,0.0001183412825925005,0.074999999756272,-1.35896780421352e-07,7.505229711153674e-11,3.1597847198349786e-05,0.9999999995007788,0.0016586749173340654,2.3570008112842002e-05,0.00015162940817687776
6.425,0.004991219606076631,0.00011864368650312679,0.07499999772894349,-2.9254437067110072e-08,5.694825413210213e-09,3.1766221103363686e-05,0.9999999994954532,-1.0585090024316448e-05,5.300054625256281e-05,-1.1917522244918138e-05
6.445,0.0050176281038065455,0.00011898395910676116,0.0749999997423382,-2.5065661319935755e-08,5.029214370016102e-11,3.221319246149303e-05,0.9999999994811549,8.917006319658832e-05,5.53935169938515e-05,-0.00013080744244130114
6.465,0.005039271578548333,0.00011953974634682825,0.07499999976335177,-1.2460540782214462e-07,6.141451766351885e-11,3.220840404914444e-05,0.9999999994813016,0.0014964970285174528,-3.1789454209194856e-05,0.00027394473973018377
6.485,0.005046542315683923,0.00012002335159633909,0.07499999881639989,-8.237347150462685e-08,5.633623212705511e-09,3.214647448046808e-05,0.9999999994832987,0.0005798874644056752,-2.2896713847268693e-06,-0.0002230558353103458
6.505,0.005070709842607406,0.00012033477389846977,0.07499999965398661,4.397109817319129e-08,-2.7044694819318033e-10,3.2271225912093004e-05,0.9999999994792832,2.9009999628301548e-05,1.3728327341612436e-05,-0.00013712351139169487
6.525,0.005094849401469254,0.00012067623878025594,0.07499999967305926,-1.3752071494577393e-07,8.929387686172251e-13,3.2963796242412915e-05,0.9999999994566847,0.0012441178693527954,-6.347636087532402e-05,0.00028044593954235666
6.545,0.005104016557963425,0.00012134250751141167,0.07499999961451786,-1.0367264071932863e-07,5.690076448552929e-09,3.2155324564992835e-05,0.9999999994830122,0.0011776746103024937,4.846264053851173e-05,-0.0001674986201401182
6.5649999999999995,0.005123706517660899,0.00012168305466421671,0.07499999771985681,-3.513417641685815e-08,5.4817685122859835e-09,3.2436757787704466e-05,0.9999999994739279,-1.6821864115359388e-06,6.0325235816122674e-05,-4.289551915478406e-05
6.585,0.005148858849933894,0.00012201228708065,0.07499999974233856,-1.9280003732099327e-08,5.149504124420164e-11,3.3070910760855594e-05,0.9999999994531574,0.0004992505298122244,2.395923555993011e-05,-0.00012164712896894205
6.605,0.005161830454966495,0.000122716048240281,0.07500000006756483,-1.232947660366493e-07,1.863532981648864e-08,3.226428818923748e-05,0.9999999994795002,0.0010676886822488657,4.555386784816563e-05,1.395248545330871e-05
6.625,0.005176683468486938,0.00012305652658665657,0.07499999982403405,-6.445539239357449e-08,-1.2822901643789373e-10,3.2622645581254044e-05,0.9999999994678794,-3.0990137784682632e-06,4.752738716793492e-05,-3.0994354697832244e-05
6.645,0.005202634124274107,0.0001233286762321114,0.07499999964654168,4.0383260002245334e-08,-1.1889267513590202e-11,3.3248598609800696e-05,0.9999999994472645,0.0003333232697674077,-5.519518050273764e-06,0.00018195744381871329
6.665,0.005219996517929276,0.00012406870013586754,0.07499999898529769,-1.2388305137281655e-07,6.883003753460046e-10,3.25276311929767e-05,0.9999999994709691,0.001404506426763375,2.9706893594833704e-05,0.00010039879538603209
6.6850000000000005,0.005229639539330124,0.00012434177672089776,0.07499999974675742,-9.613792416837296e-08,1.0219339787241297e-10,3.2777813795538317e-05,0.9999999994628029,-1.0109650239842223e-05,6.815701569851015e-07,-3.320739525667132e-06
6.705,0.0052559482846805195,0.0001246796838531297,0.07499999757488654,-4.352386981000494e-08,4.348611614091215e-09,3.328427722370896e-05,0.9999999994460776,9.333215174624402e-05,6.748105545356496e-05,-0.00013294343886314182
6.725,0.0052761844241444,0.0001253226042177277,0.07499999965616304,-5.796523662109101e-08,-8.789387482666907e-12,3.3077131656935756e-05,0.9999999994529502,0.0015493792786507804,-4.793851630378859e-05,0.0005002935326048782
6.745,0.00528525267445758,0.00012571718042950588,0.07499447628570503,5.394665153331447e-09,-1.380877021021524e-05,3.2966810339484285e-05,0.9999999993612537,0.002643873295097562,4.416832406318851e-05,-5.715682376188209e-05
6.765,0.005309090179701332,0.00012607223288090555,0.07499999982027798,-7.021681783252769e-08,1.0076403812202822e-10,3.334556806547855e-05,0.9999999994440341,7.286876363242019e-05,5.9089131590582035e-05,-0.0001937366379698129
6.785,0.005332014629402192,0.00012649086251963318,0.07499999964847803,2.376514519310827e-08,-1.1068124488810151e-11,3.3829391289448885e-05,0.999999999427786,0.0013538511979847836,-7.82154532377623e-05,0.0007834390389333466
6.805,0.005341248224328411,0.00012704519979854978,0.07499946066778286,-1.0584024058189713e-07,-1.347722149337346e-06,3.3244910628231765e-05,0.9999999994464742,0.003316710529353899,-7.612850227117772e-06,-0.0002617164132594526
6.825,0.005362117549138092,0.00012737398516066275,0.0749999997335009,-1.0153069873973242e-07,5.277988118621319e-12,3.346408223863015e-05,0.9999999994400725,1.8507055932806066e-05,9.937927446756444e-06,-7.297982661352232e-05
6.845,0.005386768948732777,0.00012773958824074868,0.07499999702775888,-5.624131458257024e-08,-6.665932544196678e-10,3.413764729293282e-05,0.9999999994173091,0.0005303473349981165,3.399331842675543e-05,-0.00011107155215063039
6.865,0.005399172049370899,0.00012842174562635838,0.0749950402647133,-1.1735934206440172e-07,-1.2398802968735438e-05,3.3263219520471045e-05,0.999999999369907,0.0037662975282932525,4.965465604048405e-05,-0.0002430393723024694
6.885,0.005415095914759213,0.0001287603296976469,0.07499999974233591,-1.5617104236017055e-08,5.033836156366725e-11,3.3644122300873434e-05,0.9999999994340365,2.0092918083362728e-07,4.7921480676128265e-05,-4.420078273973906e-05
6.905,0.005440710155008378,0.00012908553142024562,0.07499999977492278,-7.905835984596203e-08,7.030695759509297e-11,3.4163621066040994e-05,0.9999999994164205,0.00046210517689527,4.3815771843351006e-05,-0.00027360356777155517
6.925,0.005457001395901195,0.00012979028681657653,0.0749994191500432,-1.461329867379442e-07,-1.4515134290120585e-06,3.348346632440108e-05,0.9999999994383647,0.0037817463552254895,4.456016920008872e-05,-2.0719508115290555e-05
6.945,0.0054680589935668916,0.00013009248497048397,0.0749999996886962,4.993779834540363e-08,3.5193892892906614e-11,3.378554558133037e-05,0.9999999994292673,-1.3673273454086028e-05,6.52403260203632e-06,-0.00013336685757890188
6.965,0.005494264304301876,0.00013036361869062161,0.07499999968994682,-1.0848754580771479e-07,1.2841898703521838e-11,3.435686614044912e-05,0.9999999994097971,0.00024098143415681887,5.448833305535932e-06,-0.00024271869060177483
6.985,0.0055130443916056645,0.00013112189778443506,0.07499999975627203,-1.3589945566480225e-07,7.47484676330606e-11,3.38331087169823e-05,0.9999999994276512,0.00165867629493962,2.3567575243440592e-05,0.00015163591944096177
7.005,0.0055210181491948266,0.000131424292715128,0.07499999772894436,-2.9254467208912767e-08,5.694758190528273e-09,3.400155854749487e-05,0.9999999994219466,-1.0585114526075012e-05,5.300060075501141e-05,-1.1917552881378435e-05
7.025,0.005547426651954058,0.0001317646388558844,0.07499999974233819,-2.506508138702435e-08,5.0236125863105814e-11,3.4448636091754545e-05,0.9999999994066455,8.916951474463963e-05,5.539235004585923e-05,-0.00013080281459746854
7.045,0.005569070123632179,0.00013232051295361503,0.07499999976335822,-1.2460618101684007e-07,6.113990212589065e-11,3.4443898998640574e-05,0.9999999994068013,0.0014964974273791076,-3.179514916248758e-05,0.0002739645763540096
7.065,0.005576340857534443,0.000132804120169043,0.07499999881640226,-8.237275609447616e-08,5.6334238275329864e-09,3.4382041846772945e-05,0.9999999994089344,0.0005798874922061561,-2.2884006904275248e-06,-0.00022305480774486913
7.085,0.005600508387989131,0.00013311560073623593,0.07499999965398746,4.397119161904249e-08,-2.703446775138202e-10,3.4506886329494985e-05,0.9999999994046365,2.900913605795924e-05,1.3728175345662763e-05,-0.00013712404220653376
7.105,0.005624647950496106,0.00013345715095944478,0.07499999967306421,-1.375208744553807e-07,5.900091050535288e-13,3.5199530615567306e-05,0.9999999993804872,0.0012441206715363055,-6.348321400584659e-05,0.0002804741455056236
7.125,0.005633815099390911,0.00013412344353022155,0.0749999996145023,-1.0367346440634197e-07,5.689933743124316e-09,3.4391112866169796e-05,0.9999999994086203,0.0011776745762599617,4.846149982268759e-05,-0.00016749021107033462
7.145,0.005653505061612336,0.0001344640288047768,0.07499999771985522,-3.51341760430208e-08,5.481698424845751e-09,3.467263517659847e-05,0.9999999993989037,-1.6824509103666967e-06,6.0325287175988504e-05,-4.289511447631851e-05
7.165,0.005678657400273456,0.00013479334177002121,0.07499999974233859,-1.9279856282743964e-08,5.1451942549127976e-11,3.530687371893563e-05,0.9999999993767122,0.0004992513893895267,2.3954665898601367e-05,-0.00012163512877528072
7.185,0.005691628996614339,0.00013549715260154462,0.07500000006756703,-1.232955937995066e-07,1.86350231026804e-08,3.4500298656878394e-05,0.9999999994048571,0.0010676896133641307,4.5554298730737986e-05,1.3956308335547553e-05
7.205,0.00570648201127604,0.00013583764813143771,0.07499999982403405,-6.445538136008486e-08,-1.2837300279178543e-10,3.4858739801048815e-05,0.9999999993924322,-3.0992383050524786e-06,4.752748176622756e-05,-3.099367740725891e-05
7.225,0.005732432674352013,0.00013610987463566758,0.0749999996465421,4.0384135354685656e-08,-1.1800102449347285e-11,3.548478967063617e-05,0.9999999993704141,0.00033332313477124143,-5.5225334214763155e-06,0.00018197091715670008
7.245,0.005749795061125254,0.00013684997303080998,0.07499999898529952,-1.2388447035309522e-07,6.880225208980792e-10,3.476386265444059e-05,0.9999999993957294,0.0014045077415564269,2.970453710214877e-05,0.00010040464398336701
7.265,0.005759438081604003,0.00013712304560379966,0.07499999974675746,-9.613791115467938e-08,1.0197843650096831e-10,3.5014124490073036e-05,0.999999999387001,-1.0109731169624604e-05,6.816590699700409e-07,-3.3205657947620165e-06
7.285,0.005785746832450772,0.00013746102706643304,0.07499999757487646,-4.3523864031584915e-08,4.3485479820049385e-09,3.5520691853977224e-05,0.9999999993691393,9.333156588218217e-05,6.747981157683197e-05,-0.00013293857683530964
7.305,0.005805982967459801,0.000138104032544139,0.07499999965615434,-5.796700612568506e-08,-8.926242735358311e-12,3.531359005476359e-05,0.9999999993764735,0.0015493782354363535,-4.794227926435846e-05,0.0005003081574162971
7.325,0.005815051215929778,0.0001384986084777341,0.07499447628570262,5.425497575622889e-09,-1.3808770204050962e-05,3.520333737743509e-05,0.9999999992850215,0.0026438732742051314,4.416837737709891e-05,-5.7156857743926246e-05
7.345,0.005838888724717571,0.00013885372246421132,0.07499999982027732,-7.021683184221797e-08,1.0060525395799114e-10,3.558220222779896e-05,0.9999999993669512,7.286740273550528e-05,5.908866112250661e-05,-0.00019373498754298696
7.365,0.005861813173988107,0.0001392724387322495,0.07499999964847584,2.3762487893706737e-08,-1.1017933828285322e-11,3.606608509969317e-05,0.9999999993496186,0.001353851929937804,-7.82219063680227e-05,0.000783457199229946
7.385,0.005871046764648968,0.00013982679443707538,0.07499946066778294,-1.0583679939658647e-07,-1.34772238584663e-06,3.548166829229894e-05,0.9999999993696119,0.0033167105464508235,-7.611619451443888e-06,-0.00026171544914453904
7.405,0.005891916092214937,0.00014015562200693548,0.07499999973350079,-1.0153074713510414e-07,5.053367209765123e-12,3.5700933076580424e-05,0.9999999993627166,1.8506447379488292e-05,9.937842558041426e-06,-7.297881548796765e-05
7.425,0.00591656749684374,0.0001405213080367766,0.07499999702778343,-5.624147963367743e-08,-6.668051326691469e-10,3.6374577968524685e-05,0.9999999993384435,0.0005303483025523859,3.398852593854459e-05,-0.00011105893344881697
7.445,0.005928970588793166,0.0001412035075595758,0.07499504026475713,-1.173330906525199e-07,-1.2398803121639034e-05,3.5500201836217873e-05,0.9999999992929958,0.0037662974928131896,4.965368144059973e-05,-0.00024303141014810366
7.465,0.00594489445645897,0.0001415421139385005,0.07499999974233586,-1.561702666290287e-08,5.030341941392272e-11,3.588118999913013e-05,0.99999999935627,2.006833023161175e-07,4.792153627288986e-05,-4.4200402865375314e-05
7.485,0.005970508703604084,0.0001418673941440091,0.07499999977492124,-7.905902679595856e-08,7.012848989723032e-11,3.640077927883768e-05,0.9999999993374886,0.0004621055021160111,4.381167145827469e-05,-0.00027359346741464804
7.505,0.0059867999362886075,0.00014257221859750987,0.07499941915000996,-1.4612984530100586e-07,-1.4515138390091e-06,3.572066879673273e-05,0.9999999993609529,0.003781747206432303,4.4560589099163846e-05,-2.0716016755636923e-05
7.525,0.005997857534280801,0.00014287441661346755,0.07499999968869625,4.993774332501506e-08,3.5306943222564665e-11,3.602283017152086e-05,0.9999999993511768,-1.3673382554024777e-05,6.524114716165029e-06,-0.00013336675752472177
7.545,0.006024062851253737,0.00014314562555257736,0.07499999968994508,-1.0848798956070375e-07,1.2598924761665063e-11,3.659425240061033e-05,0.9999999993304246,0.00024098034821555317,5.44611380238918e-06,-0.00024270911579940858
7.5649999999999995,0.006042842933995562,0.00014390398578376041,0.074999999756272,-1.3590213512914093e-07,7.444430982466083e-11,3.607053391408102e-05,0.9999999993494492,0.0016586776634954427,2.356513750120904e-05,0.00015164243552784234
7.585,0.0060508166891266495,0.00014420637171507563,0.07499999772894532,-2.9254499244581308e-08,5.694690736642797e-09,3.623905975203971e-05,0.9999999993433649,-1.0585138821462012e-05,5.300065485594714e-05,-1.1917583845562274e-05
7.605,0.006077225196769048,0.0001445467914322979,0.07499999974233823,-2.5064503875095136e-08,5.01800429208806e-11,3.66862436574001e-05,0.9999999993270594,8.916896788774205e-05,5.5391181623491487e-05,-0.00013079818381692374
7.625,0.006098868665251931,0.00014510275243233934,0.07499999976336466,-1.2460695380511105e-07,6.086500725162449e-11,3.668155801408743e-05,0.9999999993272238,0.0014964978164106846,-3.180085016944865e-05,0.0002739844362930262
7.645,0.006106139395924911,0.00014558636160491584,0.07499999881640466,-8.237204040157798e-08,5.633224096105252e-09,3.661977334184851e-05,0.9999999993294928,0.0005798875044605061,-2.2871328296412527e-06,-0.00022305376471167665
7.665,0.0061303069297800866,0.00014589790046070527,0.07499999965398832,4.397128136135529e-08,-2.7024233566621235e-10,3.674471105611606e-05,0.9999999993249122,2.9008275771248065e-05,1.3728021215141654e-05,-0.00013712456102655222
7.6850000000000005,0.0061544464957882196,0.00014623953607199544,0.07499999967306921,-1.3752103290871504e-07,2.8679793787143956e-13,3.7437429442498646e-05,0.9999999992992101,0.0012441234709536777,-6.349007350537377e-05,0.00028050238640310094
7.705,0.006163613637056204,0.00014690585248617423,0.07499999961448667,-1.0367428876767594e-07,5.689790756033109e-09,3.662906569487957e-05,0.9999999993291504,0.0011776745161709472,4.8460353995945784e-05,-0.00016748175008257464
7.725,0.00618330360171576,0.0001472464758919128,0.07499999771985366,-3.513417742904976e-08,5.481628070656328e-09,3.69106772481242e-05,0.9999999993188003,-1.6827145445766643e-06,6.032533774034718e-05,-4.289470955175321e-05
7.745,0.0062084559466162054,0.00014757586944857287,0.07499999974233859,-1.9279711322616614e-08,5.1408794961241027e-11,3.754500151377774e-05,0.9999999992951863,0.0004992522490434371,2.395009153785385e-05,-0.00012162312006940078
7.765,0.006221427534200125,0.00014827972997241858,0.0750000000675693,-1.2329642167310356e-07,1.863471631812288e-08,3.673847406155633e-05,0.9999999993251346,0.0010676905315944475,4.555472524455418e-05,1.396015355031765e-05
7.785,0.006236280549952538,0.0001486202426829759,0.07499999982403405,-6.44553711268983e-08,-1.2851721865931924e-10,3.7096999071773125e-05,0.9999999993119043,-3.0994622143902083e-06,4.7527575313739086e-05,-3.099300350119685e-05
7.805,0.006262231220170491,0.0001488925460871606,0.07499999964654254,4.038500806514461e-08,-1.1710809481642309e-11,3.772314594650693e-05,0.9999999992884814,0.0003333230018677948,-5.525551813635833e-06,0.00018198439836238648
7.825,0.006279593599967524,0.00014963271901032596,0.07499999898530131,-1.2388588991390482e-07,6.877442454434389e-10,3.7002259449517e-05,0.9999999993154088,0.0014045090423210982,2.9702175285674116e-05,0.00010041052927188693
7.845,0.006289236619507156,0.00014990578755423958,0.07499999974675751,-9.613789836864494e-08,1.0176329345952212e-10,3.725260060561711e-05,0.9999999993061174,-1.0109811806430305e-05,6.817481853416784e-07,-3.3203932435438063e-06
7.865,0.006315545375708938,0.00015024384338732216,0.07499999757486646,-4.3523859656125324e-08,4.348484120765649e-09,3.775927207889592e-05,0.9999999992871178,9.333098183591062e-05,6.747856610900766e-05,-0.00013293371165063445
7.885,0.006335781506143121,0.00015088693402134018,0.07499999965614564,-5.796877817728982e-08,-9.063235064474545e-12,3.7552214168503484e-05,0.999999999294914,0.0015493771814738672,-4.794604686130401e-05,0.0005003227989501523
7.905,0.006344849752770659,0.00015128150966622314,0.07499447628570019,5.456356468931261e-09,-1.380877019796763e-05,3.744203020529666e-05,0.9999999992037062,0.0026438732535339015,4.4168430384519704e-05,-5.715689197456285e-05
7.925,0.006368687264962209,0.00015163668521445887,0.07499999982027668,-7.02168465765317e-08,1.0044625518470382e-10,3.782100236018777e-05,0.9999999992847834,7.286604478275926e-05,5.9088188635077774e-05,-0.00019373332792944607
7.945,0.006391611713664001,0.00015205548815785242,0.07499999964847363,2.3759825104433286e-08,-1.0967717422505724e-11,3.830494501121247e-05,0.9999999992663653,0.0013538526553370186,-7.822836625458735e-05,0.000783475371788712
7.965,0.00640084530005629,0.0001526098622916767,0.07499946066778287,-1.0583335290196839e-07,-1.347722622991694e-06,3.772059212190691e-05,0.9999999992876648,0.0033167105485131746,-7.610391473521865e-06,-0.0002617144730652635
7.985,0.006421714630266148,0.00015293873208021929,0.0749999997335006,-1.0153079556090045e-07,4.828541733432174e-12,3.793995025798044e-05,0.9999999992802749,1.850584042267027e-05,9.937756996066136e-06,-7.297780261048181e-05
8.005,0.006446366039779599,0.00015330450110421546,0.07499999702780806,-5.624164560640599e-08,-6.670173082106581e-10,3.861367513746723e-05,0.9999999992544906,0.0005303492701275195,3.398372844214709e-05,-0.00011104630540980242
8.025,0.006458769122983675,0.00015398674278205906,0.0749950402648004,-1.1730681585604132e-07,-1.2398803276175313e-05,3.7739350738084733e-05,0.9999999992109988,0.0037662974322962145,4.965270175164785e-05,-0.000243023398542096
8.045,0.0064746929928645135,0.0001543253714674431,0.0749999997423359,-1.5616952463303254e-08,5.0268443021368315e-11,3.8120424409133476e-05,0.9999999992734167,2.0043816492411355e-07,4.792159116951276e-05,-4.420002288816684e-05
8.065,0.006500307246752012,0.0001546507301974735,0.0749999997749197,-7.905969491072995e-08,6.99498146804575e-11,3.8640104363052464e-05,0.999999999253468,0.00046210582774605896,4.3807567246165644e-05,-0.0002735833541665602
8.085,0.0065165984711487565,0.00015535562374219703,0.07499941914997693,-1.4612669758239233e-07,-1.4515142488853805e-06,3.79600382467228e-05,0.9999999992784536,0.0037817480458055587,4.456100466289306e-05,-2.0712504308119235e-05
8.105,0.006527656069432202,0.0001556578216035374,0.07499999968869632,4.993768425321197e-08,3.542007074416168e-11,3.8262281846678416e-05,0.9999999992679977,-1.3673491226970834e-05,6.524195731263373e-06,-0.00013336665743004408
8.125,0.00655386139249633,0.00015592910580378356,0.07499999968994328,-1.0848843345210228e-07,1.235566028764821e-11,3.88338059137848e-05,0.9999999992459618,0.00024097926506829468,5.4433922741608685e-06,-0.00024269952677538994
8.145,0.006572641470568807,0.00015668754721277295,0.07499999975627203,-1.3590481872415772e-07,7.41398174336092e-11,3.831012647726905e-05,0.9999999992661579,0.0016586790235175479,2.3562694872063873e-05,0.00015164895734202447
8.165,0.0065806152232289455,0.00015698992412548578,0.07499999772894629,-2.9254533138358987e-08,5.694623122182593e-09,3.8478728404495046e-05,0.9999999992596934,-1.0585162909350927e-05,5.3000708625225475e-05,-1.1917615117548371e-05
8.185,0.006607023735614833,0.00015733041745857683,0.07499999974233823,-2.5063928838962522e-08,5.0123932286355794e-11,3.892601884665608e-05,0.9999999992423821,8.916842268447048e-05,5.539001171248528e-05,-0.00013079355020959672
8.205,0.006628667200770752,0.0001578864654061053,0.07499999976337113,-1.246077263593115e-07,6.05898484330874e-11,3.892138478476232e-05,0.9999999992425551,0.0014964981954561194,-3.180655734589683e-05,0.00027400432008878214
8.225,0.006635937928215097,0.00015837007652601812,0.07499999881640713,-8.237132445046836e-08,5.633023916154937e-09,3.885967265883723e-05,0.9999999992449596,0.0005798875014551302,-2.2858677371655214e-06,-0.0002230527053417684
8.245,0.006660105465336689,0.00015868167369339646,0.07499999965398915,4.397136723893954e-08,-2.7013986031435894e-10,3.898470378922596e-05,0.9999999992400955,2.900741849971048e-05,1.3727865043792973e-05,-0.00013712506872876377
